isolate_id,,SDsnp1,SDsnp2,SDsnp3,SDsnp4,SDsnp5,SDsnp6,SDsnp7,SDsnp8,SDsnp9,SDsnp10,SDsnp11,SDsnp12,SDsnp13,SDsnp14
SRR5817693,0,0,9,0,0,0,15,0,0,0,0,0,1,0,0
SRX2526900,1,0,10,0,1,3,14,0,0,0,0,0,1,1,0
SRX2526901,2,0,13,0,0,1,22,0,0,2,0,2,2,0,2
SRX2526902,3,0,0,0,0,1,1,0,0,0,0,1,0,0,0
SRX2526903,4,0,0,0,0,1,2,0,0,0,0,1,0,0,0
SRX2526904,5,0,10,0,0,4,14,0,0,0,0,1,1,1,0
SRX2526905,6,2,14,1,1,3,22,0,0,0,0,1,1,1,0
SRX2526906,7,0,13,0,0,3,14,0,0,0,0,0,1,1,0
SRX2526907,8,1,15,0,0,3,22,0,0,0,0,0,1,1,0
SRX2526908,9,0,0,0,0,1,1,0,0,0,0,1,0,0,0
SRX2526909,10,0,0,0,0,1,2,0,0,0,0,1,0,0,0
SRX2526910,11,0,0,0,0,1,2,0,0,0,0,1,0,0,0
SRX2526911,12,0,9,0,0,4,14,0,0,0,0,1,1,1,0
SRX2526912,13,0,0,0,0,2,1,0,0,0,0,1,0,0,0
SRX2526913,14,1,15,0,0,3,22,0,0,0,0,1,1,1,0
SRX2526914,15,0,0,0,0,2,1,0,0,0,0,1,0,0,0
SRX2526915,16,1,15,1,0,4,22,0,0,0,0,1,1,1,0
SRX2526916,17,0,0,0,0,1,1,0,0,0,0,1,0,0,0
SRX2526917,18,0,0,1,0,1,1,0,0,0,0,1,0,0,0
SRX2526918,19,0,15,0,1,3,22,0,0,0,0,1,1,1,0
SRX2526919,20,0,0,0,1,2,1,0,1,0,0,1,0,0,0
SRX2526920,21,0,9,0,0,4,14,0,0,0,0,1,1,1,0
SRX2526921,22,0,0,0,0,1,14,0,0,1,1,1,1,0,1
SRX2526922,23,1,15,0,0,4,22,0,0,0,0,0,1,1,0
SRX2526923,24,0,0,1,0,1,2,0,0,0,0,1,0,0,0
SRX2526924,25,1,15,0,0,3,22,0,0,0,0,0,1,1,0
SRX2526925,26,0,0,0,0,2,1,0,0,2,0,0,0,0,0
SRX2526926,27,0,14,0,0,3,22,0,0,0,0,1,1,1,1
SRX2526927,28,0,10,0,0,3,14,0,0,0,0,0,1,1,0
SRX2526928,29,0,0,1,0,1,1,0,0,0,0,1,0,0,0
SRX2526929,30,0,0,0,0,0,14,0,0,2,1,1,1,0,1
SRX2526930,31,0,0,0,0,2,1,0,0,0,0,1,0,0,0
SRX2526931,32,0,0,0,0,1,1,0,0,0,0,1,0,0,0
SRX2526932,33,0,15,0,1,3,22,0,0,0,0,1,1,1,0
SRX2526933,34,1,15,0,0,3,22,0,0,0,0,1,1,1,0
SRX2526934,35,0,0,0,1,1,1,0,1,0,0,1,0,0,0
SRX2526935,36,1,15,0,0,3,22,0,0,0,0,1,1,1,0
SRX2526936,37,0,10,0,1,3,14,0,0,0,0,0,1,1,0
SRX2526937,38,0,0,0,0,2,1,0,0,0,0,1,0,0,0
SRX2526938,39,0,10,16,0,9,16,0,0,0,0,0,1,1,0
SRX2526939,40,0,10,0,0,3,14,14,0,0,0,0,1,1,0
SRX2526940,41,0,10,0,0,3,14,0,0,0,0,0,1,1,0
SRX2526941,42,0,11,0,0,1,22,0,0,2,0,3,2,0,2
SRX2526942,43,0,14,0,0,3,22,0,0,0,0,0,1,1,0
SRX2526943,44,0,15,0,0,3,22,0,0,0,0,1,1,1,0
SRX2526944,45,0,9,0,0,4,14,0,0,0,0,0,1,1,0
SRX2526945,46,0,10,0,0,4,14,0,0,0,0,0,1,1,0
SRX2526946,47,0,0,1,0,1,1,0,0,0,0,1,0,0,0
SRX2526947,48,0,11,0,0,3,14,0,0,0,0,1,1,1,0
SRX2526948,49,1,14,1,0,4,22,0,0,0,0,1,1,1,0
SRX2526949,50,1,15,0,0,3,22,0,0,0,0,1,1,1,0
SRX2526950,51,0,0,1,0,1,1,0,0,0,0,1,0,0,0
SRX2526951,52,0,0,0,1,2,1,0,1,0,0,0,0,0,0
SRX2526952,53,0,0,0,0,1,1,0,0,0,0,1,0,0,0
SRX2526953,54,0,0,0,0,2,1,0,0,0,0,0,0,0,0
SRX2526954,55,0,0,0,0,1,2,0,0,0,0,1,0,0,0
SRX2526955,56,0,10,0,1,4,14,0,0,0,0,0,1,1,0
SRX2526956,57,0,10,0,0,3,14,0,0,0,0,0,1,1,0
SRX2526957,58,0,15,0,0,3,22,0,0,0,0,1,1,1,0
SRX2526958,59,0,0,1,0,1,1,0,0,0,0,1,0,0,0
SRX2526959,60,0,10,0,0,3,14,0,0,0,0,0,1,1,0
SRX2526960,61,1,10,0,0,3,22,0,0,0,0,0,1,1,0
SRX2526961,62,0,0,0,0,1,1,0,0,0,0,1,0,0,0
SRX2526962,63,1,15,1,0,3,22,0,0,0,0,1,1,1,0
SRX2526963,64,0,10,0,0,3,14,14,0,0,0,0,1,1,0
SRX2526964,65,0,12,0,0,1,22,0,0,1,0,3,2,0,2
SRX2526965,66,0,15,0,0,4,22,0,0,0,0,1,1,1,0
SRX2526966,67,0,12,16,0,9,14,0,0,0,0,0,1,1,0
SRX2526967,68,0,8,16,0,9,14,0,0,0,0,0,1,1,0
SRX2526968,69,0,0,0,0,0,14,0,0,1,1,1,1,0,1
SRX2526969,70,0,0,0,1,1,1,0,1,0,0,0,0,0,0
SRX2526970,71,0,14,1,1,3,22,0,0,0,0,1,1,1,0
SRX2526971,72,0,15,1,0,3,22,0,0,0,0,0,1,1,0
SRX2526972,73,0,16,0,0,3,22,0,0,0,0,1,1,1,0
SRX2526973,74,0,0,0,0,1,2,0,0,0,0,1,0,0,0
SRX2526974,75,0,0,0,0,1,1,0,0,0,0,1,0,0,0
SRX2526975,76,0,9,16,0,9,14,0,0,0,0,1,1,1,0
SRX2526976,77,0,11,0,0,4,14,0,0,0,0,0,1,1,0
SRX2526977,78,1,15,0,0,3,22,0,0,0,0,1,1,1,0
SRX2526978,79,0,13,0,0,1,22,0,0,1,0,3,2,0,2
SRX2526980,80,0,10,0,0,3,14,14,0,0,0,0,1,1,0
SRX2526981,81,0,15,0,0,4,22,0,0,0,0,1,1,1,0
SRX2526982,82,0,0,1,0,2,2,0,0,0,0,0,0,0,0
SRX2526983,83,0,0,1,0,2,1,0,0,0,0,1,1,0,0
SRX2526984,84,0,0,0,1,1,1,0,1,0,0,0,0,0,0
SRX2526985,85,0,9,0,0,3,14,0,0,0,0,0,1,1,0
SRX2526986,86,0,10,0,0,4,14,0,0,0,0,0,1,1,0
SRX2526987,87,0,10,0,0,4,14,0,0,0,0,1,1,1,0
SRX2526988,88,0,9,0,0,4,14,0,0,0,0,1,1,1,0
SRX2526989,89,0,0,0,0,1,2,0,0,0,0,1,0,0,0
SRX2526990,90,0,10,0,0,4,14,0,0,0,0,1,1,1,0
SRX2526991,91,0,11,0,0,1,22,0,0,4,0,2,2,0,2
SRX2526992,92,1,15,0,0,3,22,0,0,0,0,1,1,1,0
SRX2526993,93,0,0,1,0,1,3,0,0,0,0,0,0,0,0
SRX2526994,94,0,9,0,0,4,14,0,0,0,0,1,1,1,0
SRX2526995,95,0,11,0,0,4,14,0,0,0,0,0,1,1,0
SRX2526996,96,1,15,1,0,4,22,0,0,0,0,1,1,1,0
SRX2526997,97,0,0,1,0,1,2,0,0,0,0,1,0,0,0
SRX2526998,98,0,0,1,0,1,1,0,0,0,0,1,0,0,0
SRX2526999,99,0,10,1,0,3,14,0,0,0,0,0,1,1,0
SRX2527000,100,2,15,0,0,4,22,0,0,0,0,1,1,1,0
SRX2527001,101,1,14,0,0,4,22,0,0,0,0,1,1,1,0
SRX2527002,102,0,16,14,0,9,14,0,0,0,0,0,1,1,0
SRX2527003,103,0,0,0,0,1,1,0,0,0,0,1,0,0,0
SRX2527004,104,0,0,0,0,2,1,0,0,0,0,1,0,0,0
SRX2527005,105,0,0,0,0,1,1,0,0,0,0,1,0,0,0
SRX2527006,106,0,0,0,0,1,1,0,0,0,0,1,0,0,0
SRX2527007,107,0,14,0,0,1,22,0,0,1,0,3,2,0,2
SRX2527008,108,0,0,1,0,2,1,0,0,0,0,1,0,0,0
SRX2527009,109,0,0,0,0,2,2,0,0,0,0,1,0,0,0
SRX2527010,110,0,9,0,0,4,14,0,0,0,0,1,1,1,0
SRX2527011,111,0,15,0,0,4,22,0,0,0,0,1,1,1,0
SRX2527012,112,0,0,0,0,1,1,0,0,0,0,1,0,0,0
SRX2527013,113,0,9,0,1,3,14,0,0,0,0,0,1,1,0
SRX2527014,114,0,10,0,1,3,14,14,0,0,0,1,1,1,0
SRX2527015,115,0,0,1,0,2,1,0,0,0,0,1,0,0,0
SRX2527016,116,0,10,1,0,3,14,0,0,0,0,0,1,1,0
SRX2527017,117,0,15,0,0,3,22,0,0,0,0,1,1,1,0
SRX2527018,118,1,15,1,0,3,22,0,0,0,0,1,1,1,0
SRX2527019,119,0,0,0,0,0,14,0,0,1,1,1,1,0,1
SRX2527020,120,0,15,0,0,4,14,0,0,13,0,1,1,1,0
SRX2527021,121,0,14,0,1,4,22,0,0,0,0,1,1,1,0
SRX2527022,122,1,15,1,0,4,14,1,0,0,0,1,1,1,0
SRX2527023,123,0,10,0,0,3,14,0,0,0,0,0,1,1,0
SRX2527024,124,0,13,0,0,2,22,0,0,2,0,2,2,0,2
SRX2527025,125,0,10,0,0,3,14,0,0,0,0,0,1,2,0
SRX2527026,126,0,10,0,0,3,14,14,0,0,0,0,1,1,0
SRX2527027,127,0,15,1,0,3,22,0,0,0,0,0,1,1,0
SRX2527028,128,0,0,0,0,2,1,0,0,0,0,1,0,0,0
SRX2527029,129,0,11,0,0,3,14,0,0,0,0,0,1,1,0
SRX2527030,130,0,15,1,0,3,22,0,0,0,0,1,1,1,0
SRX2527031,131,0,0,0,0,1,1,0,0,0,0,1,0,0,0
SRX2527032,132,0,10,0,0,4,14,0,0,0,0,0,1,1,0
SRX2527033,133,0,10,0,0,3,14,14,0,0,0,0,1,1,0
SRX2527034,134,1,14,1,0,4,22,0,0,0,0,1,1,1,0
SRX2527035,135,0,0,0,0,1,1,0,0,0,0,1,0,0,0
SRX2527036,136,1,15,1,0,3,22,0,0,0,0,1,1,1,0
SRX2527037,137,0,14,0,0,3,22,0,0,0,0,1,1,1,0
SRX2527038,138,1,15,0,1,3,22,0,0,0,0,1,1,1,0
SRX2527039,139,0,0,0,0,2,1,0,1,0,0,1,0,0,0
SRX2527040,140,0,0,0,0,1,1,0,0,0,0,1,0,0,0
SRX2527041,141,0,15,0,0,3,22,0,0,0,0,1,1,1,0
SRX2527042,142,0,13,0,0,3,22,0,0,0,0,0,1,1,0
SRX2527043,143,0,15,0,0,3,22,0,0,0,0,1,1,1,0
SRX2527044,144,0,0,0,0,1,1,0,0,0,0,1,0,0,0
SRX2527045,145,0,0,0,0,2,2,0,0,0,0,1,0,0,0
SRX2527046,146,0,15,0,0,3,22,0,0,0,0,1,1,1,0
SRX2527047,147,1,15,0,0,3,22,0,0,0,0,1,1,1,0
SRX2527048,148,0,0,0,0,1,2,0,0,0,0,1,0,0,0
SRX2527049,149,0,0,0,0,1,1,0,0,0,0,0,0,0,0
SRX2527050,150,0,0,0,0,1,1,0,0,0,0,1,0,0,0
SRX2527051,151,0,0,0,0,0,14,0,0,1,1,1,1,0,1
SRX2527052,152,0,14,1,0,3,22,0,0,0,0,1,1,1,0
SRX2527053,153,0,10,0,0,3,14,0,0,0,0,0,1,1,0
SRX2527054,154,1,15,0,0,3,22,0,0,0,0,1,1,1,0
SRX2527055,155,0,0,0,0,1,1,0,0,0,0,1,0,0,0
SRX2527056,156,0,0,0,0,1,1,0,0,0,0,1,0,0,0
SRX2527057,157,0,0,0,0,2,1,0,0,0,0,1,0,0,0
SRX2527058,158,1,15,1,0,3,22,0,0,0,0,0,1,1,0
SRX2527059,159,0,15,1,0,3,22,0,0,0,0,1,1,1,0
SRX2527060,160,0,0,0,0,0,14,0,0,1,1,1,1,0,1
SRX2527061,161,0,14,1,0,3,22,0,0,0,0,1,1,1,0
SRX2527062,162,0,15,1,0,4,22,0,0,0,0,1,1,1,0
SRX2527063,163,0,0,0,0,1,1,0,0,0,0,1,0,0,0
SRX2527064,164,0,0,0,0,1,1,0,0,0,0,1,0,0,0
SRX2527065,165,0,0,0,0,0,14,0,0,1,1,1,1,0,1
SRX2527066,166,0,10,16,1,9,14,0,0,0,0,0,1,1,0
SRX2527067,167,0,10,0,0,3,14,14,0,0,0,0,1,1,0
SRX2527068,168,0,10,0,0,3,14,14,0,0,0,0,1,1,0
SRX2527069,169,0,15,1,1,4,22,0,0,0,0,1,1,1,0
SRX2527070,170,0,10,0,0,3,14,0,0,0,0,1,1,1,0
SRX2527071,171,0,0,0,0,1,1,0,0,0,0,0,0,0,0
SRX2527072,172,1,15,0,0,3,22,0,0,0,0,1,1,1,0
SRX2527073,173,0,0,0,0,1,1,0,0,0,0,1,0,0,0
SRX2527074,174,0,0,0,0,2,1,0,0,0,0,1,0,0,0
SRX2527075,175,0,0,1,0,1,2,0,0,0,0,1,1,0,0
SRX2527076,176,0,10,0,0,4,14,0,0,13,0,0,1,1,0
SRX2527077,177,0,10,1,0,3,14,0,0,0,0,0,1,1,0
SRX2527078,178,0,10,0,0,8,14,0,0,0,0,0,1,1,0
SRX2527079,179,0,10,0,0,3,14,14,0,1,0,1,1,1,0
SRX2527080,180,0,14,16,1,6,14,0,0,0,0,0,1,1,0
SRX2527081,181,1,15,1,1,4,22,0,0,0,0,1,1,1,0
SRX2527082,182,0,11,0,1,3,14,14,0,0,1,0,1,1,0
SRX2527083,183,0,10,0,0,3,14,0,0,0,0,0,1,1,0
SRX2527084,184,0,10,16,0,9,14,0,0,0,0,0,1,1,0
SRX2527085,185,0,14,1,0,3,22,0,0,0,0,1,1,1,0
SRX2527086,186,0,0,0,0,1,1,0,0,0,0,1,0,0,0
SRX2527087,187,0,10,0,0,3,14,0,0,0,0,0,1,1,0
SRX2527088,188,1,15,0,0,3,22,0,0,0,0,0,1,1,0
SRX2527089,189,0,15,0,0,3,14,14,0,0,0,0,1,1,0
SRX2527090,190,0,0,1,0,1,1,0,0,0,0,1,0,0,0
SRX2527091,191,0,0,1,0,1,1,0,0,0,0,0,0,0,0
SRX2527092,192,0,0,0,0,1,1,0,0,0,0,1,0,0,0
SRX2527093,193,0,13,0,0,1,22,0,0,2,0,3,2,0,2
SRX2527094,194,0,0,0,0,2,1,0,0,1,0,1,0,0,0
SRX2527095,195,0,14,0,0,3,22,0,0,0,0,1,1,1,0
SRX2527096,196,0,14,0,0,3,22,0,0,0,0,1,1,1,0
SRX2527097,197,0,0,0,0,1,1,0,0,0,0,1,0,0,0
SRX2527098,198,0,10,0,0,3,14,0,0,0,0,0,1,1,0
SRX2527099,199,0,0,0,0,1,1,0,0,0,0,1,0,0,0
SRX2527100,200,1,15,0,0,3,22,0,0,0,0,1,1,1,0
SRX2527101,201,0,0,0,1,2,1,0,1,0,0,1,0,0,0
SRX2527102,202,0,0,1,0,2,1,0,0,0,0,1,0,0,0
SRX2527103,203,0,0,0,0,1,1,0,0,0,0,1,0,0,0
SRX2527104,204,0,0,0,0,2,2,0,0,0,0,1,0,0,0
SRX2527105,205,0,15,0,0,4,14,0,0,18,0,0,1,1,0
SRX2527106,206,0,11,16,0,6,14,0,0,0,0,0,1,1,0
SRX2527107,207,0,11,0,0,3,14,0,0,0,0,0,1,1,0
SRX2527108,208,0,10,0,0,3,14,14,0,0,0,0,1,1,0
SRX2527109,209,0,14,0,1,3,22,0,0,0,0,1,1,1,0
SRX2527110,210,0,10,0,0,3,14,14,0,0,0,0,1,1,0
SRX2527111,211,0,11,0,0,3,14,0,0,0,0,0,1,1,0
SRX2527112,212,0,15,0,1,3,14,14,0,0,0,0,1,1,0
SRX2527113,213,0,0,0,0,1,1,0,0,0,0,0,0,0,0
SRX2527114,214,0,15,0,0,4,22,0,0,0,0,1,1,1,0
SRX2527115,215,0,10,0,0,3,14,0,0,0,0,0,1,1,0
SRX2527116,216,0,0,0,1,1,1,0,1,0,0,1,0,0,0
SRX2527118,217,0,0,0,0,1,1,0,0,0,0,1,0,0,0
SRX2527119,218,0,0,0,0,1,1,0,0,0,0,0,0,0,0
SRX2527120,219,0,0,0,0,0,16,0,0,2,1,1,1,0,1
SRX2527121,220,0,0,0,0,2,2,0,0,0,0,0,0,0,0
SRX2527122,221,0,0,0,1,1,1,0,0,0,0,0,0,0,0
SRX2527123,222,0,0,0,0,1,1,0,0,0,0,1,0,0,0
SRX2527124,223,0,13,0,0,1,22,0,0,1,0,2,2,0,2
SRX2527125,224,0,10,0,0,4,14,0,0,0,0,0,1,1,0
SRX2527126,225,0,0,0,0,1,1,0,0,0,0,1,0,0,0
SRX2527127,226,0,14,0,0,3,14,0,0,0,0,0,1,1,0
SRX2527128,227,2,14,0,1,4,22,0,0,0,0,1,1,1,0
SRX2527129,228,0,15,0,0,3,14,14,0,0,0,0,1,1,0
SRX2527130,229,0,11,0,0,3,14,0,0,0,0,0,1,1,0
SRX2527132,230,0,11,16,1,8,14,0,0,0,0,0,1,1,0
SRX2527133,231,0,0,1,0,2,1,0,0,0,0,1,0,0,0
SRX2527134,232,0,10,0,0,4,14,0,0,0,0,0,1,1,0
SRX2527135,233,0,15,0,0,3,22,0,0,0,0,1,1,1,0
SRX2527136,234,0,0,0,0,1,1,0,0,0,0,1,0,1,0
SRX2527137,235,0,15,1,1,4,22,0,0,0,0,1,1,1,0
SRX2527138,236,0,0,0,0,1,1,0,0,0,0,1,0,0,0
SRX2527139,237,0,13,0,0,1,22,0,0,1,0,3,2,0,2
SRX2527140,238,0,10,0,0,3,14,0,0,0,0,0,1,1,0
SRX2527141,239,0,13,0,0,8,14,0,0,0,0,0,1,1,0
SRX2527142,240,0,10,0,0,3,14,0,0,0,0,0,1,1,0
SRX2527143,241,0,19,0,0,3,22,0,0,0,1,0,1,1,0
SRX2527144,242,0,11,0,0,1,22,0,0,1,0,3,2,0,2
SRX2527145,243,0,10,0,0,4,14,0,0,0,0,1,1,1,0
SRX2527146,244,0,12,0,0,1,22,0,0,1,0,3,1,0,2
SRX2527147,245,0,0,0,0,0,14,0,0,4,1,1,1,0,1
SRX2527148,246,0,15,0,1,4,22,0,0,0,0,1,1,1,0
SRX2527149,247,1,15,0,0,3,22,0,0,0,0,1,1,1,0
SRX2527150,248,0,0,1,0,2,1,0,0,0,0,0,0,0,0
SRX2527151,249,0,0,1,0,1,1,0,0,0,0,1,0,0,0
SRX2527152,250,0,12,0,0,3,14,0,0,0,0,0,1,1,0
SRX2527153,251,0,0,1,0,1,1,0,0,0,0,1,0,0,0
SRX2527154,252,1,15,0,1,4,22,0,0,0,0,1,1,1,0
SRX2527155,253,0,11,0,0,3,14,0,0,0,0,0,1,1,0
SRX2527156,254,0,15,1,0,3,22,0,0,0,0,1,1,1,0
SRX2527157,255,0,13,0,0,1,22,0,0,1,0,3,2,0,2
SRX2527158,256,0,10,0,0,4,14,0,0,0,0,1,1,1,0
SRX2527159,257,0,11,0,0,1,22,0,0,1,0,3,2,0,2
SRX2527160,258,0,14,1,1,3,22,0,0,0,0,1,1,1,0
SRX2527161,259,0,11,16,1,7,14,0,1,0,0,0,1,1,0
SRX2527162,260,0,0,0,0,1,2,0,0,0,0,0,0,0,0
SRX2527163,261,0,9,0,0,3,14,14,0,0,0,0,1,1,0
SRX2527164,262,0,0,0,0,1,16,0,0,2,1,1,1,0,1
SRX2527165,263,1,10,0,0,3,14,14,0,0,0,0,1,1,0
SRX2527166,264,0,0,0,0,1,1,0,0,0,0,1,0,0,0
SRX2527167,265,2,15,1,1,3,22,0,0,0,0,1,1,1,0
SRX2527168,266,0,0,0,0,0,15,0,0,1,1,1,1,0,1
SRX2527169,267,0,0,1,0,1,1,0,0,0,0,1,0,0,0
SRX2527170,268,0,10,0,0,3,14,14,0,0,0,0,1,1,0
SRX2527171,269,0,13,0,0,1,22,0,0,2,0,2,1,0,2
SRX2527172,270,0,14,1,0,3,22,0,0,0,0,1,1,1,0
SRX2527173,271,0,13,0,0,3,14,14,0,0,0,1,1,1,0
SRX2527174,272,0,10,16,0,9,14,0,0,0,0,1,1,1,0
SRX2527175,273,0,0,1,0,1,1,0,0,0,0,0,0,0,0
SRX2527176,274,0,0,0,0,1,1,0,0,0,0,0,0,0,0
SRX2527177,275,0,13,0,0,2,22,0,0,2,0,2,2,0,2
SRX2527178,276,0,10,16,0,7,14,0,0,0,0,1,1,1,0
SRX2527179,277,0,9,0,0,4,14,0,0,0,0,1,1,1,0
SRX2527180,278,0,0,0,0,1,1,0,0,0,0,1,0,0,0
SRX2527181,279,0,15,0,0,4,22,0,0,0,0,0,1,1,0
SRX2527182,280,0,10,0,0,3,15,14,0,0,0,0,1,1,0
SRX2527183,281,0,8,0,0,3,14,0,0,0,0,1,1,1,0
SRX2527184,282,0,10,0,0,3,14,0,0,0,0,0,1,1,0
SRX2527185,283,0,13,0,0,3,22,0,3,0,0,1,1,1,0
SRX2527186,284,0,0,1,0,1,2,0,0,0,0,1,0,0,0
SRX2527187,285,0,10,0,1,3,14,14,0,0,0,0,1,1,0
SRX2527188,286,0,0,2,0,0,15,0,0,1,1,0,1,0,1
SRX2527189,287,0,0,0,0,0,15,0,0,2,1,1,1,0,1
SRX2527190,288,0,0,0,0,1,2,0,0,0,0,0,0,0,0
SRX2527191,289,0,0,0,0,2,1,0,0,0,0,0,0,0,0
SRX2527192,290,0,0,0,0,2,3,0,0,0,0,1,0,0,0
SRX2527193,291,0,0,0,0,2,1,0,0,0,0,1,0,0,0
SRX2527194,292,0,10,0,0,3,14,14,0,0,0,0,1,1,0
SRX2527195,293,0,10,0,0,3,14,14,0,0,0,0,1,1,0
SRX2995962,294,0,11,0,1,0,15,0,0,0,0,0,1,0,0
SRX2995963,295,0,5,0,0,0,15,0,0,0,0,0,1,0,0
SRX2995964,296,0,12,0,0,0,15,0,0,0,0,0,1,0,0
SRX2995965,297,0,12,0,0,0,15,0,0,0,0,0,1,0,0
SRX2995966,298,0,9,0,0,0,15,0,0,0,0,0,1,0,0
SRX2995967,299,0,10,0,0,0,12,0,0,0,0,0,1,0,0
SRX2995968,300,0,10,0,0,0,15,0,0,0,0,0,1,0,1
SRX2995969,301,0,9,0,0,0,15,0,0,0,0,0,1,0,0
SRX2995970,302,0,9,0,0,0,15,0,1,0,0,0,1,0,0
SRX2995972,303,0,1,0,1,0,15,0,0,0,0,0,1,0,0
SRX2995973,304,0,6,0,0,0,15,0,0,0,0,0,1,0,0
SRX2995974,305,0,9,0,0,0,15,2,15,0,0,0,1,0,0
SRX2995975,306,0,2,0,0,0,15,0,0,0,0,0,1,0,0
SRX2995976,307,0,11,0,0,0,12,0,0,0,1,0,1,0,0
SRX2995977,308,0,7,0,0,0,15,0,0,0,0,0,1,0,0
SRX2995978,309,0,10,0,1,0,15,0,0,0,0,0,1,0,1
SRX2995979,310,0,10,0,0,0,15,0,0,0,0,0,1,0,0
SRX2995980,311,0,9,0,0,0,15,1,15,0,0,0,1,0,0
SRX2995981,312,0,6,0,0,0,15,0,0,0,0,0,1,0,0
SRX2995983,313,0,13,0,0,0,15,0,0,0,0,0,1,0,0
SRX2995984,314,0,9,0,0,0,15,0,0,0,0,0,1,0,0
SRX2995985,315,0,8,0,0,0,15,0,0,0,0,0,1,0,0
SRX2995986,316,0,13,0,0,0,15,0,0,0,0,0,1,0,0
SRX2995987,317,0,8,0,0,0,15,0,0,0,0,0,1,0,0
SRX2995988,318,0,8,0,0,0,15,0,0,0,0,0,1,0,0
SRX2995990,319,0,10,0,0,0,15,0,0,0,0,0,1,0,0
SRX2995991,320,0,14,0,0,0,15,0,0,0,0,0,1,0,0
SRX2995992,321,0,10,0,0,0,15,0,0,0,0,0,1,0,0
SRX2995993,322,0,9,0,0,0,15,0,0,0,0,0,1,0,0
SRX2995994,323,0,11,0,0,0,15,0,0,0,0,0,1,0,0
SRX2995995,324,0,7,0,0,0,15,0,0,0,0,0,1,0,2
SRX2995996,325,0,7,0,0,0,15,0,0,0,0,0,1,0,0
SRX2995997,326,0,12,0,0,0,15,0,0,0,0,0,1,0,0
SRX2995998,327,0,13,0,1,0,15,0,0,0,0,0,1,0,0
SRX2995999,328,0,10,0,0,0,15,0,0,0,0,0,1,0,0
SRX2996000,329,0,5,0,0,0,15,0,0,0,0,0,1,0,0
SRX2996001,330,0,10,0,0,0,15,0,0,0,0,0,1,0,0
SRX2996002,331,0,8,0,0,0,15,0,0,0,0,0,1,0,0
SRX2996003,332,0,6,0,0,0,15,0,0,0,0,0,1,0,0
SRX2996004,333,0,10,0,0,0,15,0,0,0,0,0,1,0,0
SRX2996005,334,0,2,0,0,0,15,0,0,0,0,0,1,0,1
SRX2996006,335,0,12,0,0,0,15,0,0,0,0,0,1,0,0
SRX2996007,336,0,12,0,0,0,15,0,0,0,0,0,1,0,0
SRX2996008,337,0,14,0,0,0,15,0,0,0,0,0,1,0,0
SRX2996009,338,0,10,0,0,0,15,1,2,0,0,0,1,0,0
SRX2996010,339,0,8,0,0,0,15,0,0,0,0,0,1,0,0
SRX2996011,340,0,9,0,0,0,15,0,0,0,0,0,1,0,0
SRX2996012,341,0,8,0,0,0,15,0,0,0,0,0,1,0,0
SRX2996013,342,0,9,0,0,0,15,0,0,0,0,0,1,0,0
SRX2996014,343,0,8,0,1,0,15,0,0,1,0,0,1,0,0
SRX4901471,344,0,10,0,1,0,15,0,0,0,0,0,1,0,0
SRX4901472,345,0,8,0,0,0,15,0,0,0,0,0,1,0,0
SRX4901473,346,0,10,0,0,0,15,0,0,0,0,0,1,0,1
SRX4901474,347,0,3,0,0,0,15,0,0,0,0,0,1,0,0
SRX4901475,348,0,12,0,0,0,15,0,0,0,0,0,1,0,0
SRX4901476,349,0,10,0,0,0,15,0,0,0,0,0,1,0,0
SRX4901477,350,0,9,0,0,0,15,0,0,0,0,0,1,0,0
SRX4901478,351,0,10,0,0,0,15,0,0,0,0,0,1,0,0
SRX4901479,352,0,10,0,0,0,15,0,0,0,0,0,1,0,0
SRX4901480,353,0,11,0,0,0,15,0,0,0,0,0,1,0,0
SRX4901481,354,0,7,0,0,0,15,0,0,0,0,0,1,0,1
SRX4901482,355,0,6,0,1,0,15,0,0,0,0,0,1,0,0
SRX4901483,356,0,6,0,0,0,15,0,0,0,0,0,1,0,0
SRX4901484,357,0,14,0,0,0,15,0,0,0,0,0,1,0,0
SRX4901485,358,0,11,0,0,0,15,0,0,0,0,0,1,0,0
SRX4901486,359,0,11,0,0,0,15,0,0,0,0,0,1,0,0
SRX4901487,360,0,11,0,0,0,15,0,0,0,0,0,1,0,0
SRX4901488,361,0,5,0,0,0,15,0,0,0,0,0,1,0,0
SRX4901489,362,0,9,0,0,0,15,0,0,0,0,0,1,0,0
SRX4901490,363,0,3,0,0,0,15,0,0,0,0,0,1,0,0
SRX4901492,364,0,6,0,0,0,15,0,0,0,0,0,1,0,0
SRX4901493,365,0,7,0,0,0,15,0,0,0,0,0,1,0,2
SRX4901494,366,0,3,0,0,0,15,0,0,0,0,0,1,0,0
SRX4901495,367,0,3,0,0,0,15,0,0,0,0,0,1,0,0
SRX4901496,368,0,14,0,0,0,15,0,0,0,0,0,1,0,0
SRX4901497,369,0,1,0,0,0,15,0,0,0,0,0,1,0,0
SRX4901498,370,0,8,0,0,0,15,0,0,0,0,0,1,0,0
SRX4901499,371,0,5,0,0,0,15,0,0,0,0,0,1,0,0
SRX4901500,372,0,13,0,0,0,15,0,0,0,0,0,1,0,0
SRX4901501,373,0,13,0,0,0,15,0,0,0,0,0,1,0,0
SRX4901502,374,0,11,0,0,0,15,0,0,0,0,0,1,0,0
SRX4901503,375,0,8,0,0,0,15,0,0,0,0,0,1,0,0
SRX4901504,376,0,2,0,1,0,15,0,0,0,0,0,1,0,0
SRX4901505,377,0,13,0,1,0,16,0,0,0,0,0,1,0,0
SRX4901506,378,0,9,0,0,0,15,0,0,0,0,0,1,0,0
SRX4901507,379,0,13,0,0,0,15,0,0,0,0,0,1,0,0
SRX4901508,380,0,4,0,0,5,15,0,0,0,0,0,1,0,0
SRX4901509,381,0,7,0,0,0,15,0,0,0,0,0,1,0,0
SRX4901510,382,0,6,0,0,0,15,0,0,0,0,0,1,0,0
SRX4901511,383,0,13,0,0,0,15,0,0,0,0,0,1,0,0
SRX4901512,384,0,6,0,0,0,15,0,0,0,0,0,1,0,0
SRX4901513,385,0,3,0,0,0,16,0,0,0,0,0,1,0,0
SRX4901514,386,0,7,0,0,0,15,0,0,0,0,0,1,0,0
SRX4901515,387,0,10,0,0,0,15,0,0,0,0,0,1,0,0
SRX4901516,388,0,11,0,0,0,15,0,0,0,0,0,1,0,0
SRX4901517,389,0,11,0,0,0,15,0,0,0,0,0,1,0,0
SRX4901518,390,0,7,0,0,0,15,0,0,0,0,8,1,0,0
SRX4901519,391,0,8,0,0,0,15,0,0,0,0,0,1,0,0
SRX4901520,392,0,9,0,0,0,15,0,0,0,0,0,1,0,0
SRX4901521,393,0,7,0,0,0,15,0,0,0,0,0,1,0,0
SRX4901522,394,0,12,0,0,0,15,0,0,0,0,0,1,0,0
SRX4901523,395,0,11,0,0,0,15,0,0,0,0,0,1,0,0
SRX4901524,396,0,10,0,0,0,15,0,0,0,0,0,1,0,0
SRX4901525,397,0,10,0,3,0,15,0,0,0,0,0,1,0,0
SRX4901526,398,0,6,0,0,0,15,0,0,0,0,0,1,0,0
SRX4901527,399,0,9,0,0,0,15,0,0,0,0,0,1,0,0
SRX4901528,400,0,11,0,0,0,15,0,0,0,0,0,1,0,0
SRX4901529,401,0,7,0,0,0,15,0,0,0,0,0,1,0,0
SRX4901530,402,0,5,0,0,0,15,0,0,0,0,0,1,0,0
SRX4901531,403,0,4,0,1,0,15,0,0,0,0,0,1,0,0
SRX4901532,404,0,5,0,0,0,15,0,0,0,0,0,1,0,0
SRX4901533,405,0,13,0,0,0,15,0,0,0,0,0,1,0,0
SRX4901534,406,0,9,0,0,0,15,0,0,0,0,0,1,0,0
SRX4901535,407,0,4,0,0,0,15,0,0,0,0,0,1,0,0
SRX4901536,408,0,7,0,0,0,15,0,0,0,0,0,1,0,0
SRX4901537,409,0,7,0,0,0,15,0,0,0,0,0,1,0,0
SRX4901538,410,0,10,0,0,0,15,0,0,0,0,0,1,0,0
SRX4901539,411,0,4,0,1,0,15,0,0,0,0,0,1,0,0
SRX4901540,412,0,9,0,0,0,15,0,0,0,0,0,1,0,0
SRX4901541,413,0,9,0,0,0,15,0,0,0,0,0,1,0,0
SRX4901542,414,0,9,0,0,0,15,0,0,0,0,0,1,0,0
SRX4901543,415,0,9,0,0,0,15,0,0,0,0,0,1,0,0
SRX4901544,416,0,1,0,0,0,15,0,0,0,0,0,1,0,0
SRX4901545,417,0,11,0,0,0,15,0,0,0,0,0,1,0,0
SRX4901547,418,0,2,0,0,0,15,0,0,0,0,0,1,0,0
SRX4901548,419,0,8,0,0,0,15,0,0,0,0,0,1,0,0
SRX4901549,420,0,10,0,0,0,15,0,0,0,0,0,1,0,0
SRX4901550,421,0,5,0,0,0,15,0,0,0,0,0,1,0,0
SRX4901551,422,0,3,0,0,0,15,0,0,0,0,0,1,0,0
SRX5399999,423,0,0,0,0,0,1,0,0,0,0,0,0,0,0
SRX5400000,424,0,0,0,0,0,1,0,0,0,0,0,0,0,0
SRX5400001,425,0,0,0,0,0,1,0,0,0,0,0,0,0,0
SRX5400002,426,0,0,0,0,0,1,0,0,0,1,0,0,0,0
SRX5400003,427,0,0,0,0,0,1,0,0,0,1,0,0,0,0
SRX5400004,428,0,0,0,0,0,1,0,0,0,0,0,0,0,0
SRX5400006,429,0,0,0,0,0,1,0,0,0,1,0,0,0,0
SRX5400007,430,0,0,0,0,0,1,0,0,0,1,0,0,0,0
SRX5400008,431,0,0,0,0,0,1,0,0,0,0,0,0,0,0
SRX5400009,432,0,0,0,0,0,1,0,0,0,0,0,0,1,0
SRX5400010,433,0,0,0,0,0,1,0,0,0,0,0,0,0,0
SRX5400011,434,0,0,0,0,0,1,0,0,0,0,0,0,0,0
SRX5400012,435,0,0,0,0,0,1,0,0,5,0,0,1,0,0
SRX5400013,436,0,0,0,0,0,1,0,0,8,0,0,1,0,0
SRX5400014,437,0,0,0,0,0,1,0,0,0,0,0,0,1,0
SRX5400015,438,0,0,0,0,0,1,0,0,5,0,0,1,0,0
SRX5400016,439,0,0,0,0,0,1,0,0,0,0,1,0,0,0
SRX5400017,440,0,0,0,0,0,1,0,0,0,0,0,0,0,0
SRX5400018,441,0,0,0,0,0,1,0,0,0,1,1,0,0,0
SRX5400019,442,0,0,0,0,0,1,0,0,0,0,0,0,0,0
SRX5400020,443,0,0,0,0,0,1,0,0,0,0,0,0,0,0
SRX5400021,444,0,0,0,0,0,1,0,0,0,1,0,0,0,0
SRX5400022,445,0,0,0,0,0,1,0,0,0,1,0,0,0,0
SRX5400023,446,0,0,0,0,0,1,0,0,0,0,0,0,0,0
SRX5400024,447,0,0,0,0,0,1,0,0,0,0,0,0,0,0
SRX5400025,448,0,0,0,0,0,1,0,0,0,1,0,0,0,0
SRX5400028,449,0,0,0,0,0,1,0,0,0,0,0,0,0,0
SRX5400029,450,0,0,0,0,0,1,0,0,0,0,6,0,0,0
SRX5400030,451,0,0,0,0,0,1,0,0,0,0,0,0,0,0
SRX5400031,452,0,0,0,2,0,1,0,0,0,0,0,0,0,1
SRX5400032,453,0,0,0,1,0,1,0,0,0,0,0,0,0,0
SRX5400033,454,0,0,0,0,0,1,0,0,0,0,0,0,1,0
SRX5400034,455,0,0,0,0,0,1,0,0,0,0,0,0,0,1
SRX5400036,456,0,0,0,0,0,1,0,0,0,0,0,0,0,0
SRX5400038,457,0,0,0,0,0,1,0,0,0,0,0,0,0,0
SRX5400039,458,0,0,0,0,0,1,0,0,0,0,0,0,0,0
SRX5400040,459,0,0,0,0,0,1,0,0,0,0,0,0,0,0
SRX5400041,460,0,0,0,0,0,1,0,0,0,0,0,0,0,0
SRX5400042,461,0,0,0,0,0,1,0,0,0,0,1,0,0,0
SRX5400043,462,0,0,0,0,0,1,0,0,0,0,0,0,0,0
SRX5400044,463,0,0,0,0,0,1,0,0,0,0,0,0,0,0
SRX5400045,464,0,0,0,0,0,1,0,0,0,0,0,0,0,0
SRX5400046,465,0,0,0,0,0,1,0,0,0,0,0,0,0,0
SRX5400047,466,0,0,0,0,0,1,0,0,0,0,0,0,0,0
SRX5400048,467,0,0,0,0,0,1,0,0,0,0,0,0,0,0
SRX5400050,468,0,0,0,0,0,1,0,0,0,1,0,0,0,0
SRX5400051,469,0,0,0,0,0,1,0,0,0,0,0,0,0,0
SRX5400052,470,0,0,0,0,0,1,0,0,0,0,0,0,0,0
SRX5400053,471,0,0,0,0,0,1,0,0,0,1,0,0,0,0
SRX5400054,472,0,0,0,0,0,1,0,0,0,1,0,0,0,0
SRX5400055,473,0,0,0,0,0,1,0,0,0,1,0,0,0,0
SRX5400056,474,0,0,0,0,0,1,0,0,0,1,0,0,0,0
SRX5400057,475,0,0,0,0,0,1,0,0,0,1,0,0,0,0
SRX5400059,476,0,0,0,0,0,1,0,0,0,0,0,0,0,0
SRX5400063,477,0,0,0,0,0,1,0,0,0,0,0,0,0,0
SRX5400068,478,0,0,0,0,0,1,0,0,7,0,0,1,0,0
SRX5400069,479,0,0,0,0,0,1,0,0,0,0,1,0,0,0
SRX5400070,480,0,0,0,0,0,1,0,0,0,0,0,0,1,0
SRX5400071,481,0,0,0,0,0,1,0,0,0,0,0,0,0,0
SRX5400072,482,0,0,0,0,0,0,0,0,0,0,0,0,0,0
SRX5400075,483,0,0,0,0,0,1,0,0,0,0,0,0,0,0
SRX5400077,484,0,0,0,0,0,1,0,0,0,0,0,0,0,0
SRX5400078,485,0,0,1,0,0,1,0,0,0,0,0,0,0,0
SRX5400079,486,0,0,0,0,0,1,0,0,0,0,0,0,0,0
SRX5400080,487,0,0,0,0,0,1,0,0,0,0,0,0,0,0
SRX5400082,488,0,0,0,0,0,1,0,0,0,0,0,0,0,0
SRX5400083,489,0,0,0,0,0,1,0,0,0,0,0,0,0,0
SRX5400084,490,0,0,0,0,0,1,0,0,0,0,0,0,0,0
SRX5400087,491,0,0,0,0,0,1,0,0,0,0,0,0,0,0
SRX5400089,492,0,0,0,0,0,1,0,0,0,0,0,0,0,0
SRX5400090,493,0,0,0,0,0,1,0,0,0,0,0,0,0,0
SRX5400091,494,0,0,0,0,0,1,0,0,0,1,0,0,0,0
SRX5400092,495,0,0,0,0,0,1,0,0,0,1,0,0,0,0
SRX5400093,496,0,0,0,0,0,1,0,0,0,0,0,0,0,1
SRX5400094,497,0,0,0,0,0,1,0,0,0,0,0,0,0,0
SRX5400095,498,0,0,0,1,0,2,0,0,0,0,0,0,0,0
SRX5400096,499,0,0,0,0,0,1,0,0,0,0,0,0,0,0
SRX5400097,500,0,0,0,0,0,1,0,0,0,0,0,0,1,0
SRX5400098,501,0,0,0,0,0,1,0,0,0,0,0,0,0,0
SRX5400099,502,0,0,0,0,0,1,0,0,0,1,0,0,0,0
SRX5400100,503,0,0,0,0,0,1,0,0,0,0,0,0,0,0
SRX5400101,504,0,0,0,0,0,1,0,0,0,1,0,0,0,0
SRX5400102,505,0,0,0,0,0,1,0,0,0,1,0,0,0,0
SRX5400104,506,0,0,0,0,0,1,0,0,0,0,1,0,0,0
SRX5400105,507,0,0,0,0,0,1,0,0,0,0,0,0,0,0
SRX5400106,508,0,0,0,0,0,1,0,0,0,0,0,0,0,0
SRX5400107,509,0,0,0,0,0,1,0,0,0,1,0,0,0,0
SRX5400109,510,0,0,0,0,0,1,0,0,0,1,0,0,0,0
SRX5400111,511,0,0,0,0,0,1,0,0,0,0,0,0,0,0
SRX5400112,512,0,0,0,0,0,1,0,0,0,0,0,0,0,0
SRX5400113,513,0,0,0,0,0,1,0,0,0,0,0,0,0,0
SRX5400114,514,0,0,0,0,0,1,0,0,0,0,0,0,0,0
SRX5400115,515,0,0,0,0,0,1,0,0,0,0,0,0,0,1
SRX5400119,516,0,0,0,0,0,1,0,0,0,0,0,0,0,0
SRX5400120,517,0,0,0,0,0,1,0,0,0,0,0,0,0,0
SRX5400121,518,0,0,0,0,0,1,0,0,0,0,0,0,0,0
SRX5400122,519,0,0,0,0,0,1,0,0,0,0,0,0,0,0
SRX5400123,520,0,0,0,0,0,1,0,0,0,0,0,0,0,0
SRX5400124,521,0,0,0,0,0,1,0,0,0,0,0,0,0,0
SRX5400125,522,0,0,0,1,0,1,0,0,0,0,0,0,0,0
SRX5400126,523,0,0,0,0,0,1,0,0,0,0,0,0,0,0
SRX5400128,524,0,0,0,0,0,1,0,0,0,0,0,0,0,0
SRX5400129,525,0,0,0,0,0,1,0,0,0,0,0,0,0,0
SRX5400130,526,0,0,0,0,0,1,0,0,0,0,0,0,0,0
SRX5400131,527,0,0,0,0,0,1,0,0,0,1,0,0,0,0
SRX5400133,528,0,0,0,0,0,1,0,0,0,0,0,0,0,0
SRX5400134,529,0,0,0,0,0,1,0,0,0,1,0,0,0,0
SRX5400135,530,0,0,0,0,0,1,0,0,0,1,0,0,0,0
SRX5400136,531,0,0,0,0,0,1,0,0,0,0,0,0,0,0
SRX5400137,532,0,0,0,0,0,1,0,0,0,0,0,0,0,0
SRX5400138,533,0,0,0,0,0,1,0,0,0,1,0,0,0,0
SRX5400139,534,0,0,0,0,0,1,0,0,0,0,0,0,0,0
SRX5400140,535,0,0,0,0,0,1,0,0,0,1,0,0,0,0
SRX5400141,536,0,0,0,0,0,1,0,0,0,0,0,0,0,0
SRX5400142,537,0,0,0,0,0,1,0,0,0,1,0,0,0,0
SRX5400145,538,0,0,0,0,0,1,0,0,0,1,0,0,0,0
SRX5400146,539,0,0,0,0,0,1,0,0,0,0,0,0,0,0
SRX5400147,540,0,0,0,0,0,1,0,0,0,0,0,0,0,0
SRX5400153,541,0,0,0,0,0,1,0,0,0,0,0,0,0,0
SRX5400154,542,0,0,0,0,0,1,0,0,0,0,0,0,0,0
SRX5400155,543,0,0,0,0,0,1,0,0,0,0,0,0,0,0
SRX5400156,544,0,0,0,0,0,1,0,0,0,0,0,0,0,0
SRX5400157,545,0,0,0,0,0,1,0,0,0,1,1,0,0,0
SRX5400158,546,0,0,0,0,0,1,0,0,0,0,0,0,0,0
SRX5400159,547,0,0,0,0,0,1,0,0,0,0,0,0,0,0
SRX5400160,548,0,0,0,0,0,1,0,0,0,1,0,0,0,0
SRX5400161,549,0,0,0,0,0,1,0,0,0,0,0,0,0,0
SRX5400162,550,0,0,0,0,0,1,0,0,0,0,0,0,0,0
SRX5400167,551,0,0,0,0,0,1,0,0,0,0,0,0,0,0
SRX5400169,552,0,0,0,0,0,1,0,0,0,0,0,0,0,0
SRX5400170,553,0,0,0,0,0,1,0,0,0,1,1,0,0,0
SRX5400171,554,0,0,0,0,0,1,0,0,0,0,0,0,0,0
SRX5400172,555,0,0,0,0,0,1,0,0,0,1,0,0,0,0
SRX5400174,556,0,0,0,1,0,1,0,0,0,0,2,0,0,0
SRX5400175,557,0,0,0,1,0,1,0,0,0,0,0,0,0,0
SRX5400176,558,0,0,0,1,0,1,0,0,0,0,0,0,0,0
SRX5400177,559,0,0,0,1,0,1,0,0,0,0,0,0,0,0
SRX5400178,560,0,0,0,1,0,1,0,0,0,0,0,0,0,0
SRX5400179,561,0,0,0,1,0,1,0,0,0,0,0,0,0,1
SRX5400180,562,0,0,0,0,0,1,0,0,0,0,0,2,0,0
SRX5400181,563,0,0,0,2,0,1,0,0,0,0,0,0,0,0
SRX5400182,564,0,0,0,1,0,1,0,0,0,0,0,0,0,0
SRX5400183,565,0,0,0,0,0,1,0,0,0,0,0,0,0,0
SRX5400184,566,0,0,0,0,0,1,0,0,0,0,0,0,0,0
SRX5400185,567,0,0,0,0,0,1,0,0,0,1,0,0,0,0
SRX5400186,568,0,0,0,0,0,1,0,0,0,1,0,0,0,0
SRX5400187,569,0,0,0,0,0,1,0,0,0,1,0,0,0,0
SRX5400188,570,0,0,0,0,0,1,0,0,0,0,0,0,0,0
SRX5400189,571,0,0,0,0,0,1,0,0,0,0,0,0,0,0
SRX5400190,572,0,0,0,0,0,1,0,0,0,1,0,0,0,0
SRX5400191,573,0,0,0,0,0,1,0,0,0,2,0,0,0,2
SRX5400192,574,0,0,0,0,0,1,0,0,0,1,0,0,0,0
SRX5400193,575,0,0,0,0,0,1,0,0,0,0,0,0,0,0
SRX5400194,576,0,0,0,0,0,1,0,0,0,0,0,0,0,0
SRX5400196,577,0,0,0,0,0,1,0,0,0,0,0,0,0,0
SRX5400197,578,0,0,0,0,0,1,0,0,0,0,0,0,0,0
SRX5400199,579,0,0,0,0,0,1,0,0,0,1,0,0,0,0
SRX5400201,580,0,0,0,0,0,1,0,0,0,0,0,0,0,0
SRX5400202,581,0,0,0,0,0,1,0,0,0,0,0,0,0,1
SRX5400204,582,0,0,0,0,0,1,0,0,0,1,0,0,0,0
SRX5400206,583,0,0,0,0,0,1,0,0,0,0,0,0,0,0
SRX5400207,584,0,0,0,1,0,1,0,0,0,0,0,0,0,0
SRX5400209,585,0,0,0,0,0,1,0,0,0,0,0,0,0,0
SRX5400210,586,0,0,0,0,0,1,0,0,0,1,0,0,0,0
SRX5400211,587,0,0,0,0,0,1,0,0,0,0,0,0,0,0
SRX5400212,588,0,0,0,0,0,1,0,0,0,1,0,0,0,0
SRX5400213,589,0,0,0,0,0,1,0,0,0,0,0,0,0,0
SRX5400215,590,0,0,0,0,0,1,0,0,0,0,0,0,0,0
SRX5400216,591,0,0,0,0,0,1,0,0,0,0,0,0,0,0
SRX5400217,592,0,0,0,0,0,1,0,0,0,0,0,0,0,0
SRX5400218,593,0,0,0,0,0,1,0,0,5,0,0,1,0,0
SRX5400219,594,0,0,0,0,3,1,0,0,0,0,0,0,0,0
SRX5400220,595,0,0,0,0,0,1,0,0,0,0,0,0,0,0
SRX5400221,596,0,0,0,0,0,2,0,0,0,0,0,0,0,0
SRX5400222,597,0,0,0,0,0,1,0,0,0,0,0,0,0,0
SRX5400223,598,0,0,0,0,0,1,0,0,0,0,0,0,0,0
SRX5400224,599,0,0,0,1,0,1,0,0,1,0,0,0,0,0
SRX5400225,600,0,0,0,0,0,1,0,0,5,0,0,1,0,0
SRX5400227,601,0,1,0,0,0,1,0,0,0,1,0,0,0,0
SRX5400228,602,0,0,0,0,0,1,0,0,0,1,0,0,0,0
SRX5400229,603,0,0,0,0,0,1,0,0,0,0,0,0,0,0
SRX5400230,604,0,0,0,0,0,1,0,0,0,0,1,0,0,0
SRX5400232,605,0,0,0,0,0,1,0,0,0,0,0,0,0,0
SRX5400233,606,0,0,0,0,0,1,0,0,0,0,0,0,0,0
SRX5400234,607,0,0,0,0,0,1,0,0,0,0,0,0,0,0
SRX5400235,608,0,0,0,0,0,1,0,0,0,0,0,0,0,0
SRX5400236,609,0,0,0,0,0,1,0,0,0,0,0,0,0,0
SRX5400237,610,0,0,0,0,0,1,0,0,0,0,0,0,0,0
SRX5400238,611,0,0,0,0,0,1,0,0,0,1,0,0,0,0
SRX5400239,612,0,0,0,0,0,1,0,0,0,1,0,0,0,0
SRX5400240,613,0,0,0,0,0,1,0,0,0,0,0,0,0,0
SRX5400241,614,0,0,0,0,0,1,0,0,0,1,0,0,0,0
SRX5400242,615,0,0,0,0,0,1,0,0,0,0,0,0,0,0
SRX5400243,616,0,0,0,0,0,1,0,0,0,0,0,0,0,0
SRX5400244,617,0,0,0,0,0,1,0,0,0,0,0,0,0,0
SRX5400245,618,0,0,0,0,0,1,0,0,0,1,0,0,0,0
SRX5400246,619,0,0,0,0,0,1,0,0,0,1,0,0,0,0
SRX5400247,620,0,0,0,0,0,1,0,0,0,0,0,0,0,0
SRX5400248,621,0,0,0,0,0,0,0,0,0,0,0,0,0,0
SRX5400249,622,0,0,0,0,0,1,0,0,0,0,0,0,0,0
SRX5400250,623,0,0,0,0,0,1,0,0,0,1,1,0,0,0
SRX5400251,624,0,0,0,0,0,1,0,0,0,1,0,0,0,0
SRX5400252,625,0,0,0,0,0,1,0,0,5,0,0,1,0,0
SRX5400253,626,0,0,0,0,0,1,0,0,6,0,0,1,0,0
SRX5400255,627,0,0,0,0,0,1,0,0,5,0,0,1,0,0
SRX5400257,628,0,0,0,0,0,1,0,0,6,0,0,1,0,0
SRX5400258,629,0,0,0,0,0,1,0,0,0,0,0,0,0,0
SRX5400259,630,0,0,0,0,0,1,0,0,0,0,0,0,0,0
SRX5400260,631,0,0,0,0,0,1,0,0,0,0,0,0,0,1
SRX5400261,632,0,0,0,0,0,1,0,0,0,0,0,0,0,0
SRX5400262,633,0,0,0,0,0,1,0,0,0,2,0,0,0,0
SRX5400263,634,0,0,0,0,0,1,0,0,0,0,0,0,0,0
SRX5400264,635,0,0,0,0,0,1,0,0,0,1,0,0,0,0
SRX5400265,636,0,0,0,0,0,1,0,0,0,1,1,0,0,0
SRX5400266,637,0,0,0,0,0,1,0,0,0,0,0,0,0,0
SRX5400267,638,0,0,0,0,0,1,0,0,0,0,0,0,0,0
SRX5400268,639,0,0,0,0,0,1,0,0,0,1,0,0,1,0
SRX5400269,640,0,0,0,0,0,1,0,0,0,1,0,0,1,0
SRX5400270,641,0,0,0,0,0,1,0,0,0,0,0,0,1,0
SRX5400271,642,0,0,0,0,0,1,0,0,0,1,0,0,1,0
SRX5400272,643,0,0,0,0,0,1,0,0,0,1,0,0,0,0
SRX5400275,644,0,0,0,0,0,1,0,0,0,0,0,0,0,0
SRX5400276,645,0,0,0,0,0,0,0,0,0,0,0,0,0,0
SRX5400277,646,0,0,0,0,0,1,0,0,0,0,0,0,0,0
SRX5400278,647,0,0,0,0,0,1,0,0,0,0,0,0,0,0
SRX5400280,648,0,0,0,0,0,1,0,0,0,0,0,0,0,0
SRX5400281,649,0,0,0,0,0,1,0,0,0,0,0,0,0,0
SRX5400283,650,0,0,0,0,0,1,0,0,0,0,0,0,0,0
SRX5400286,651,0,0,0,0,0,1,0,0,0,0,0,0,0,0
SRX5400287,652,0,0,0,0,0,1,0,0,0,0,0,0,0,0
SRX5400288,653,0,0,0,0,0,1,0,0,0,0,0,0,0,0
SRX5400289,654,0,0,0,0,0,1,0,0,0,1,0,0,0,0
SRX5400290,655,0,0,0,0,0,1,0,0,0,0,0,0,0,0
SRX5400291,656,0,0,0,0,0,1,0,0,0,1,0,0,0,0
SRX5400296,657,0,0,0,0,0,1,0,0,0,0,0,0,0,0
SRX5400297,658,0,0,0,0,0,1,0,0,0,0,0,0,0,0
SRX5400299,659,0,0,0,0,0,1,0,0,0,0,0,0,0,0
SRX5400300,660,0,0,0,0,0,0,0,0,0,0,0,0,0,0
SRX5400301,661,0,0,0,0,0,1,0,0,0,0,0,0,0,0
SRX5400303,662,0,0,0,0,0,1,0,0,0,0,0,0,1,0
SRX5400304,663,0,0,0,0,0,1,0,0,0,0,0,0,0,0
SRX5400305,664,0,0,0,0,0,1,0,0,0,0,0,0,0,0
SRX5400306,665,0,0,0,0,0,1,0,0,0,1,0,0,0,0
SRX5400307,666,0,0,0,0,0,1,0,0,0,0,0,0,0,0
SRX5400308,667,0,0,0,0,0,1,0,0,0,0,0,0,0,0
SRX5400309,668,0,0,0,0,0,1,0,0,0,1,0,0,0,0
SRX5400310,669,0,0,0,0,0,1,0,0,0,0,0,0,0,0
SRX5400311,670,0,0,0,0,0,1,0,0,0,1,1,0,0,0
SRX5400312,671,0,0,0,0,0,1,0,0,0,1,0,0,0,0
SRX5400313,672,0,0,0,0,0,1,0,0,0,0,0,0,0,0
SRX5400314,673,0,0,0,0,0,1,0,0,0,0,1,0,0,0
SRX5400315,674,0,0,0,0,0,1,0,0,0,1,0,0,0,0
SRX5400316,675,0,0,0,0,0,1,0,0,0,0,0,0,0,0
SRX5400317,676,0,0,0,0,0,1,0,0,0,0,0,0,0,0
SRX5400324,677,0,0,0,0,0,1,0,0,0,0,1,0,0,0
SRX5400325,678,0,0,0,0,0,1,0,0,0,1,0,0,0,0
SRX5400327,679,0,0,0,0,0,1,0,0,0,1,0,0,0,0
SRX5400328,680,0,0,0,0,0,1,0,0,0,0,0,0,0,0
SRX5400329,681,0,0,0,0,0,1,0,0,0,0,0,0,0,0
SRX5400330,682,0,0,0,0,0,1,0,0,0,0,0,0,0,0
SRX5400331,683,0,0,0,0,0,1,0,0,0,0,0,0,0,0
SRX5400332,684,0,0,0,0,0,1,0,0,0,0,0,0,1,0
SRX5400333,685,0,0,0,0,0,1,0,0,0,0,0,0,1,0
SRX5400334,686,0,0,0,0,0,1,0,0,0,0,0,0,0,0
SRX5400335,687,0,0,0,0,0,1,0,0,0,0,0,0,0,0
SRX5400339,688,0,0,0,0,0,1,0,0,0,0,0,0,0,0
SRX5400340,689,0,0,0,0,0,1,0,0,0,0,0,0,1,0
SRX5400341,690,0,0,0,0,0,1,0,0,0,0,0,0,0,0
SRX5400342,691,0,0,0,0,0,1,0,0,0,0,0,0,0,0
SRX5400343,692,0,0,0,0,0,1,0,0,0,0,0,0,0,0
SRX5400344,693,0,0,0,0,0,1,0,0,0,0,0,0,0,0
SRX5400345,694,0,0,0,0,0,1,0,0,0,1,0,0,0,0
SRX5400346,695,0,0,0,0,0,1,0,0,0,0,0,0,0,0
SRX5400347,696,0,0,0,0,0,1,0,0,0,0,0,0,0,0
SRX5400348,697,0,0,0,0,0,1,0,0,0,1,0,0,0,0
SRX5400349,698,0,0,0,0,0,1,0,0,0,0,0,0,0,0
SRX5400350,699,0,0,0,0,0,1,0,0,1,0,0,0,0,0
