,SDsnp1,SDsnp2,SDsnp3,SDsnp4,SDsnp5,SDsnp6,SDsnp7,SDsnp8,SDsnp9,SDsnp10,SDsnp11,SDsnp12,SDsnp13,SDsnp14
0,0,9,0,0,0,0,15,0,0,0,0,0,3,1
1,0,10,0,0,1,3,14,0,0,0,0,0,3,0
2,0,13,0,0,0,1,22,0,0,2,0,2,3,0
3,0,0,0,0,0,1,1,0,0,0,0,1,0,0
4,0,0,0,0,0,1,2,0,0,0,0,1,1,0
5,1,10,0,0,0,4,14,0,0,0,0,1,3,0
6,2,14,1,0,2,3,22,0,0,0,4,1,2,0
7,0,13,0,0,0,3,14,0,0,0,0,0,3,0
8,1,15,0,0,0,3,22,0,0,0,4,0,1,0
9,0,0,0,0,0,1,1,0,0,0,0,1,0,0
10,0,0,0,0,0,1,2,0,0,0,0,1,0,0
11,0,0,0,0,0,1,2,0,0,0,0,1,0,0
12,1,9,0,0,0,4,14,0,0,0,0,1,3,0
13,0,0,0,0,0,1,1,0,0,0,0,1,0,0
14,1,15,0,0,0,3,22,0,0,0,4,1,1,0
15,0,0,0,0,0,1,1,0,0,0,0,1,1,0
16,1,15,1,0,0,3,22,0,0,0,1,1,1,0
17,0,0,0,0,0,1,1,0,0,0,0,1,0,0
18,0,0,1,0,0,1,1,0,0,0,0,1,0,0
19,0,15,0,0,2,3,22,0,0,0,4,1,1,0
20,0,0,0,0,1,1,1,0,1,0,0,1,0,0
21,1,9,0,0,0,4,14,0,0,0,0,1,3,0
22,0,0,0,0,0,0,14,0,0,1,1,1,1,1
23,2,15,0,0,0,3,22,0,0,0,2,0,1,0
24,0,0,1,0,0,1,2,0,0,0,0,1,0,0
25,1,15,0,0,1,3,22,0,0,0,3,0,1,0
26,0,0,0,0,0,1,1,0,0,2,0,0,0,0
27,0,14,0,0,0,3,22,0,0,0,4,1,1,1
28,0,10,0,0,0,3,14,0,0,0,0,0,3,0
29,0,0,1,0,0,1,1,0,0,0,0,1,0,0
30,0,0,0,0,0,0,14,0,0,2,1,1,1,1
31,0,0,0,0,0,1,1,0,0,0,0,1,1,0
32,0,0,0,0,0,1,1,0,0,0,0,1,1,0
33,0,15,0,0,1,3,22,0,0,0,3,1,1,0
34,1,15,0,0,0,3,22,0,0,0,5,1,1,0
35,0,0,0,0,1,1,1,0,1,0,0,1,1,0
36,1,15,0,0,0,3,22,0,0,0,1,1,1,0
37,0,10,0,0,1,3,14,0,0,0,0,0,3,0
38,0,0,0,0,0,1,1,0,0,0,0,1,0,0
39,0,10,16,0,0,9,15,0,0,0,0,0,3,0
40,0,10,0,0,0,3,14,14,0,0,0,0,3,0
41,0,10,0,0,0,3,14,0,0,0,0,0,3,0
42,0,11,0,0,0,1,22,0,0,2,0,3,2,0
43,0,14,0,0,0,3,22,0,0,0,2,0,1,0
44,1,15,0,0,0,3,22,0,0,0,1,1,1,0
45,1,9,0,0,0,4,14,0,0,0,0,0,3,0
46,1,10,0,0,0,4,14,0,0,0,0,0,3,0
47,0,0,1,0,0,1,1,0,0,0,0,1,0,0
48,0,11,0,0,0,3,14,0,0,0,0,1,3,0
49,1,14,1,0,0,3,22,0,0,0,2,1,1,0
50,1,15,0,0,1,3,22,0,0,0,3,1,1,0
51,0,0,1,0,0,1,1,0,0,0,0,1,1,0
52,0,0,0,0,1,1,1,0,1,0,0,0,1,0
53,0,0,0,0,0,1,1,0,0,0,0,1,0,0
54,0,0,0,0,0,1,1,0,0,0,0,0,0,0
55,0,0,0,0,0,1,2,0,0,0,0,1,0,0
56,1,10,0,0,1,4,14,0,0,0,0,0,3,0
57,0,10,0,0,0,3,14,0,0,0,0,0,2,0
58,0,15,0,0,0,3,22,0,0,0,3,1,1,0
59,0,0,1,0,0,1,1,0,0,0,0,1,1,0
60,0,10,0,0,0,3,15,0,0,0,0,0,3,0
61,1,10,0,0,0,3,22,0,0,0,0,0,5,0
62,0,0,0,0,0,1,1,0,0,0,0,1,0,0
63,1,15,1,0,0,3,22,0,0,0,2,1,1,0
64,0,10,0,0,0,3,14,14,0,0,0,0,2,0
65,0,12,0,0,0,1,22,0,0,1,0,3,3,0
66,0,15,0,0,1,3,22,0,0,0,1,1,1,0
67,0,11,16,0,0,9,14,0,0,0,0,0,3,0
68,0,8,16,0,0,9,14,0,0,0,0,0,2,0
69,0,0,0,0,0,0,14,0,0,1,1,1,1,1
70,0,0,0,0,1,1,1,0,1,0,0,0,0,0
71,0,14,1,0,1,3,22,0,0,0,4,1,1,0
72,0,15,1,0,1,3,22,0,0,0,2,0,1,0
73,0,16,0,0,0,3,22,0,0,0,2,1,1,0
74,0,0,0,0,0,1,2,0,0,0,0,1,0,0
75,0,0,0,0,0,1,1,0,0,0,0,1,0,0
76,0,9,16,0,0,9,14,0,0,0,0,1,3,0
77,1,11,0,0,0,4,14,0,0,0,0,0,3,0
78,1,15,0,0,0,3,22,0,0,0,2,1,1,0
79,0,13,0,0,0,1,22,0,0,1,0,3,2,0
80,0,10,0,0,0,3,14,14,0,0,0,0,3,0
81,0,15,0,0,0,3,22,0,0,0,3,1,1,0
82,0,0,1,0,0,1,2,0,0,0,0,0,1,0
83,0,0,1,0,0,1,1,0,0,0,0,1,1,0
84,0,0,0,0,1,1,1,0,1,0,0,0,0,0
85,0,9,0,0,0,3,14,0,0,0,0,0,3,0
86,1,10,0,0,0,4,14,0,0,0,0,0,3,0
87,1,10,0,0,0,4,14,0,0,0,0,1,3,0
88,1,9,0,0,0,4,14,0,0,0,0,1,3,0
89,0,0,0,0,0,1,2,0,0,0,0,1,0,0
90,1,10,0,0,0,4,14,0,0,0,0,1,1,0
91,0,11,0,0,0,1,22,0,0,4,0,2,2,0
92,1,15,0,0,2,3,22,0,0,0,2,1,1,0
93,0,0,1,0,0,1,3,0,0,0,0,0,0,0
94,1,9,0,0,0,4,14,0,0,0,0,1,3,0
95,1,11,0,0,0,4,14,0,0,0,0,0,3,0
96,1,15,1,0,0,3,22,0,0,0,2,1,1,0
97,0,0,1,0,0,1,2,0,0,0,0,1,0,0
98,0,0,1,0,0,1,1,0,0,0,0,1,0,0
99,0,10,0,0,0,3,14,0,0,0,0,0,3,0
100,2,15,0,0,0,3,22,0,0,0,2,1,1,0
101,1,14,0,0,0,3,22,0,0,0,5,1,1,0
102,0,15,14,0,0,9,14,0,0,0,0,0,3,0
103,0,0,0,0,0,1,1,0,0,0,0,1,1,0
104,0,0,0,0,0,1,1,0,0,0,0,1,1,0
105,0,0,0,0,0,1,1,0,0,0,0,1,0,0
106,0,0,0,0,0,1,1,0,0,0,0,1,1,0
107,0,14,0,0,0,1,22,0,0,1,0,3,2,0
108,0,0,1,0,0,1,1,0,0,0,0,1,0,0
109,0,0,0,0,0,1,2,0,0,0,0,1,0,0
110,1,9,0,0,0,4,14,0,0,0,0,1,2,0
111,0,15,0,0,0,3,22,0,0,0,4,1,1,0
112,0,0,0,0,0,1,1,0,0,0,0,1,1,0
113,0,9,0,0,1,3,14,0,0,0,0,0,3,0
114,0,10,0,0,1,3,14,14,0,0,0,1,3,0
115,0,0,1,0,0,1,1,0,0,0,0,1,0,0
116,0,10,0,0,0,3,14,0,0,0,0,0,3,0
117,0,15,0,0,0,3,22,0,0,0,4,1,1,0
118,1,16,1,0,1,3,22,0,0,0,3,1,1,0
119,0,0,0,0,0,0,14,0,0,1,1,1,1,1
120,1,15,0,0,0,4,14,0,0,13,0,1,3,0
121,0,14,0,0,1,3,22,0,0,0,2,1,1,0
122,1,15,1,0,0,3,14,1,0,0,0,1,1,0
123,0,10,0,0,0,3,14,0,0,0,0,0,3,0
124,0,13,0,0,0,1,22,0,0,2,0,2,2,0
125,0,10,0,0,0,3,14,0,0,0,0,0,3,0
126,0,10,0,0,0,3,14,14,0,0,0,0,3,0
127,0,15,1,0,0,3,22,0,0,0,3,0,1,0
128,0,0,0,0,0,1,1,0,0,0,0,1,0,0
129,0,11,0,0,0,3,14,0,0,0,0,0,3,0
130,0,15,1,0,0,3,22,0,0,0,2,1,1,0
131,0,0,0,0,0,1,1,0,0,0,0,1,0,0
132,1,10,0,0,0,4,14,0,0,0,0,0,3,0
133,0,10,0,0,0,3,14,14,0,0,0,0,3,0
134,1,14,1,0,0,3,22,0,0,0,3,1,1,0
135,0,0,0,0,0,1,1,0,0,0,0,1,0,0
136,1,15,1,0,1,3,22,0,0,0,3,1,1,0
137,0,14,0,0,0,3,22,0,0,0,2,1,1,0
138,1,15,0,0,1,4,22,0,0,0,2,1,1,0
139,0,0,0,0,0,1,1,0,0,0,0,1,0,0
140,0,0,0,0,0,1,1,0,0,0,0,1,0,0
141,0,15,0,0,0,3,22,0,0,0,0,1,1,0
142,0,13,0,0,0,3,22,0,0,0,2,0,3,0
143,0,15,0,0,0,3,22,0,0,0,3,1,1,0
144,0,0,0,0,0,1,1,0,0,0,0,1,0,0
145,0,0,0,0,0,1,2,0,0,0,0,1,0,0
146,0,15,0,0,0,3,22,0,0,0,3,1,1,0
147,2,15,0,0,0,3,22,0,0,0,3,1,1,0
148,0,0,0,0,0,1,2,0,0,0,0,1,1,0
149,0,0,0,0,0,1,1,0,0,0,0,0,0,0
150,0,0,0,0,0,1,1,0,0,0,0,1,0,0
151,0,0,0,0,0,0,14,0,0,1,1,1,1,1
152,0,14,1,0,0,3,22,0,0,0,2,1,1,0
153,0,10,0,0,0,3,14,0,0,0,0,0,3,0
154,1,15,0,0,0,3,22,0,0,0,2,1,2,0
155,0,0,0,0,0,1,1,0,0,0,0,1,0,0
156,0,0,0,0,0,1,1,0,0,0,0,1,0,0
157,0,0,0,0,0,1,1,0,0,0,0,1,1,0
158,1,15,1,0,0,3,22,0,0,0,2,0,1,0
159,0,16,1,0,1,3,22,0,0,0,2,1,1,0
160,0,0,0,0,0,0,14,0,0,1,1,1,1,1
161,0,14,1,0,1,3,22,0,0,0,4,1,1,0
162,0,15,1,0,0,3,22,0,0,0,3,1,1,0
163,0,0,0,0,0,1,1,0,0,0,0,1,1,0
164,0,0,0,0,0,1,1,0,0,0,0,1,0,0
165,0,0,0,0,0,0,14,0,0,1,1,1,1,1
166,0,10,16,0,1,9,14,0,0,0,0,0,3,0
167,0,10,0,0,0,3,14,14,0,0,0,0,3,0
168,0,10,0,0,0,3,14,14,0,0,0,0,3,0
169,0,15,1,0,2,3,22,0,0,0,2,1,1,0
170,0,10,0,0,0,3,14,0,0,0,0,1,3,0
171,0,0,0,0,0,1,1,0,0,0,0,0,1,0
172,1,15,0,0,0,3,22,0,0,0,3,1,1,0
173,0,0,0,0,0,1,1,0,0,0,0,1,0,0
174,0,0,0,0,0,1,1,0,0,0,0,1,0,0
175,0,0,1,0,0,1,2,0,0,0,0,1,1,0
176,1,10,0,0,0,4,14,0,0,13,0,0,3,0
177,0,10,0,0,0,3,14,0,0,0,0,0,3,0
178,0,10,0,0,0,8,14,0,0,0,0,0,3,0
179,0,10,0,0,0,6,14,14,0,1,0,1,3,0
180,0,14,16,0,1,6,14,0,0,0,0,0,3,0
181,1,15,1,0,1,3,22,0,0,0,5,1,1,0
182,0,11,0,0,1,3,14,14,0,0,1,0,3,0
183,0,10,0,0,0,3,14,0,0,0,0,0,3,0
184,0,10,16,0,0,9,14,0,0,0,0,0,3,0
185,0,14,1,0,1,3,22,0,0,0,2,1,1,0
186,0,0,0,0,0,1,1,0,0,0,0,1,0,0
187,0,10,0,0,0,3,14,0,0,0,0,0,3,0
188,1,15,0,0,0,3,22,0,0,0,2,0,2,0
189,0,15,0,0,0,3,14,14,0,0,0,0,3,0
190,0,0,1,0,0,1,1,0,0,0,0,1,1,0
191,0,0,1,0,0,1,1,0,0,0,0,0,0,0
192,0,0,0,0,0,1,1,0,0,0,0,1,0,0
193,0,13,0,0,0,1,22,0,0,2,0,3,2,0
194,0,0,0,0,0,1,1,0,0,1,0,1,0,0
195,0,14,0,0,0,3,22,0,0,0,3,1,1,0
196,0,14,0,0,1,3,22,0,0,0,3,1,1,0
197,0,0,0,0,0,1,1,0,0,0,0,1,0,0
198,0,10,0,0,0,3,14,0,0,0,0,0,2,0
199,0,0,0,0,0,1,1,0,0,0,0,1,0,0
200,2,15,0,0,0,3,22,0,0,0,1,1,1,0
201,0,0,0,0,1,1,1,0,1,0,0,1,1,0
202,0,0,1,0,0,1,1,0,0,0,0,1,0,0
203,0,0,0,0,0,1,1,0,0,0,0,1,1,0
204,0,0,0,0,0,1,2,0,0,0,0,1,1,0
205,1,15,0,0,0,4,14,0,0,18,0,0,3,0
206,0,10,16,0,0,6,14,0,0,0,0,0,3,0
207,0,11,0,0,0,3,14,0,0,0,0,0,2,0
208,0,10,0,0,0,3,14,14,0,0,0,0,3,0
209,0,14,0,0,1,3,22,0,0,0,5,1,1,0
210,0,10,0,0,0,3,14,14,0,0,0,0,3,0
211,0,11,0,0,0,3,14,0,0,0,0,0,1,0
212,0,15,0,0,1,6,14,14,0,0,0,0,3,0
213,0,0,0,0,0,1,1,0,0,0,0,0,1,0
214,0,15,0,0,0,3,22,0,0,0,4,1,1,0
215,0,10,0,0,0,3,14,0,0,0,0,0,3,0
216,0,0,0,0,1,1,1,0,1,0,0,1,0,0
217,0,0,0,0,0,1,1,0,0,0,0,1,0,0
218,0,0,0,0,0,1,1,0,0,0,0,0,0,0
219,0,0,0,0,0,0,16,0,0,2,1,1,1,1
220,0,0,0,0,0,1,2,0,0,0,0,0,0,0
221,0,0,0,0,1,1,1,0,0,0,0,0,1,0
222,0,0,0,0,0,1,1,0,0,0,0,1,0,0
223,0,13,0,0,0,1,22,0,0,1,0,2,2,0
224,1,10,0,0,0,4,14,0,0,0,0,0,3,0
225,0,0,0,0,0,1,1,0,0,0,0,1,1,0
226,0,14,0,0,0,3,14,0,0,0,0,0,3,0
227,2,14,0,0,3,3,22,0,0,0,2,1,1,0
228,0,15,0,0,0,3,14,14,0,0,0,0,3,0
229,0,11,0,0,0,3,14,0,0,0,0,0,3,0
230,0,11,16,0,1,8,14,0,0,0,0,0,3,0
231,0,0,1,0,0,1,1,0,0,0,0,1,0,0
232,1,10,0,0,0,4,14,0,0,0,0,0,3,0
233,0,15,0,0,1,3,22,0,0,0,6,1,1,0
234,0,0,0,0,0,1,1,0,0,0,0,1,0,0
235,0,15,1,0,2,3,22,0,0,0,5,1,1,0
236,0,0,0,0,0,1,1,0,0,0,0,1,0,0
237,0,13,0,0,0,1,22,0,0,1,0,3,3,0
238,0,10,0,0,0,3,14,0,0,0,0,0,3,0
239,0,13,0,0,0,8,14,0,0,0,0,0,2,0
240,0,10,0,0,0,3,14,0,0,0,0,0,3,0
241,0,19,0,0,0,3,22,0,0,0,2,1,3,0
242,0,11,0,0,0,1,22,0,0,1,0,3,3,0
243,1,10,0,0,0,4,14,0,0,0,0,1,3,0
244,0,12,0,0,0,1,22,0,0,1,0,3,2,0
245,0,0,0,0,0,0,14,0,0,11,1,1,2,1
246,0,15,0,0,1,3,22,0,0,0,2,1,1,0
247,1,16,0,0,0,3,22,0,0,0,2,1,1,0
248,0,0,1,0,0,1,1,0,0,0,0,0,0,0
249,0,0,1,0,0,1,1,0,0,0,0,1,0,0
250,0,12,0,0,0,3,14,0,0,0,0,0,3,0
251,0,0,1,0,0,1,1,0,0,0,0,1,1,0
252,1,15,0,0,1,3,22,0,0,0,0,1,1,0
253,0,11,0,0,0,3,14,0,0,0,0,0,3,0
254,0,15,1,0,1,3,22,0,0,0,3,1,1,0
255,0,13,0,0,0,1,22,0,0,1,0,3,2,0
256,1,10,0,0,0,4,14,0,0,0,0,1,3,0
257,0,11,0,0,0,1,22,0,0,1,0,3,2,0
258,0,14,1,0,2,3,22,0,0,0,5,1,1,0
259,0,11,16,0,1,7,14,0,1,0,1,0,3,0
260,0,0,0,0,0,1,2,0,0,0,0,0,0,0
261,0,9,0,0,0,3,14,14,0,0,0,0,3,0
262,0,0,0,0,0,0,16,0,0,2,1,1,2,1
263,1,10,0,0,0,3,14,14,0,0,0,0,3,0
264,0,0,0,0,0,1,1,0,0,0,0,1,0,0
265,2,15,1,0,2,3,22,0,0,0,3,1,1,0
266,0,0,0,0,0,0,15,0,0,1,1,1,1,1
267,0,0,1,0,0,1,1,0,0,0,0,1,0,0
268,0,10,0,0,0,3,14,14,0,0,0,0,3,0
269,0,13,0,0,0,1,22,0,0,2,0,2,1,0
270,1,14,1,0,0,3,22,0,0,0,4,1,1,0
271,0,13,0,0,0,3,14,14,0,0,0,1,3,0
272,0,10,16,0,0,9,14,0,0,0,0,1,3,0
273,0,0,1,0,0,1,1,0,0,0,0,0,0,0
274,0,0,0,0,0,1,1,0,0,0,0,0,0,0
275,0,13,0,0,0,1,22,0,0,2,0,2,2,0
276,0,10,16,0,0,7,14,0,0,0,0,1,3,0
277,1,9,0,0,0,4,14,0,0,0,0,1,2,0
278,0,0,0,0,0,1,1,0,0,0,0,1,0,0
279,0,15,0,0,1,3,22,0,0,0,3,0,1,0
280,0,10,0,0,0,3,15,14,0,0,0,0,3,0
281,0,8,0,0,0,3,14,0,0,0,0,1,3,0
282,0,10,0,0,0,3,14,0,0,0,0,0,3,0
283,0,13,0,0,0,3,22,0,3,0,2,1,1,0
284,0,0,1,0,0,1,2,0,0,0,0,1,1,0
285,0,10,0,0,1,3,14,14,0,0,0,0,3,0
286,0,0,2,0,0,0,15,0,0,1,1,0,1,1
287,0,0,0,0,0,0,15,0,0,2,1,1,1,1
288,0,0,0,0,0,1,2,0,0,0,0,0,1,0
289,0,0,0,0,0,1,1,0,0,0,0,0,0,0
290,0,0,0,0,0,1,3,0,0,0,0,1,0,0
291,0,0,0,0,0,1,1,0,0,0,0,1,1,0
292,0,10,0,0,0,3,14,14,0,0,0,0,3,0
293,0,10,0,0,0,3,14,14,0,0,0,0,3,0
294,0,11,0,0,1,0,15,0,0,0,0,0,3,0
295,0,5,0,0,0,0,15,0,0,0,0,0,3,0
296,0,12,0,0,0,0,15,0,0,0,0,0,3,0
297,0,12,0,4,0,0,15,0,0,0,1,0,3,0
298,0,9,0,0,0,0,15,0,0,0,0,0,3,0
299,1,10,0,0,0,0,12,0,0,0,0,0,3,0
300,0,10,0,0,0,0,15,0,0,0,0,0,3,2
301,0,9,0,0,0,0,15,0,0,0,0,0,3,0
302,0,9,0,0,0,0,15,0,1,0,0,0,2,0
303,0,1,0,0,1,0,15,0,0,0,0,0,3,0
304,0,6,0,0,0,0,15,0,0,0,0,0,3,0
305,0,9,0,0,0,0,15,2,15,0,0,0,3,0
306,0,2,0,0,0,0,15,0,0,0,0,0,3,0
307,1,11,0,0,0,0,12,0,0,0,2,0,2,0
308,0,7,0,0,0,0,15,0,0,0,0,0,2,1
309,0,10,0,0,1,0,15,0,0,0,0,0,3,1
310,0,10,0,0,0,0,15,0,0,0,0,0,3,0
311,0,9,0,0,0,0,15,1,15,0,0,0,3,0
312,0,6,0,0,0,0,15,0,0,0,0,0,3,0
313,0,13,0,5,0,0,15,0,0,0,0,0,3,0
314,0,9,0,0,0,0,15,0,0,0,0,0,2,0
315,0,8,0,0,0,0,15,0,0,0,0,0,2,0
316,0,13,0,4,0,0,15,0,0,0,0,0,3,0
317,0,8,0,0,0,0,15,0,0,0,0,0,2,0
318,0,8,0,0,0,0,15,0,0,0,0,0,3,0
319,0,10,0,0,0,0,15,0,0,0,0,0,3,1
320,0,14,0,0,0,0,15,0,0,0,0,0,3,0
321,0,10,0,0,0,0,15,0,0,0,0,0,2,0
322,0,9,0,0,0,0,15,0,0,0,0,0,3,0
323,0,11,0,0,0,0,15,0,0,0,0,0,3,1
324,0,7,0,0,0,0,15,0,0,0,0,0,3,2
325,0,7,0,0,0,0,15,0,0,0,0,0,2,1
326,0,12,0,0,0,0,15,0,0,0,0,0,3,0
327,0,13,0,0,1,0,15,0,0,0,0,0,3,0
328,0,10,0,0,0,0,15,0,0,0,0,0,3,0
329,0,5,0,0,0,0,15,0,0,0,0,0,3,0
330,0,10,0,0,0,0,15,0,0,0,0,0,3,0
331,0,8,0,0,0,0,15,0,0,0,0,0,3,1
332,0,6,0,0,0,0,15,0,0,0,0,0,2,1
333,0,10,0,0,0,0,15,0,0,0,0,0,2,0
334,0,2,0,0,0,0,15,0,0,0,0,0,3,1
335,0,12,0,0,0,0,15,0,0,0,0,0,3,0
336,0,12,0,4,0,0,15,0,0,0,0,0,3,0
337,0,14,0,4,0,0,15,0,0,0,0,0,3,0
338,0,10,0,0,0,0,15,1,2,0,0,0,3,0
339,0,8,0,0,0,0,15,0,0,0,0,0,3,1
340,0,9,0,0,0,0,15,0,0,0,0,0,2,0
341,0,8,0,0,0,0,15,0,0,0,0,0,3,0
342,0,9,0,4,0,0,15,0,0,0,0,0,3,0
343,0,8,0,0,1,0,15,0,0,1,0,0,3,0
344,0,10,0,0,1,0,15,0,0,0,0,0,3,0
345,0,8,0,0,0,0,15,0,0,0,0,0,2,0
346,0,10,0,0,0,0,15,0,0,0,0,0,3,1
347,0,3,0,5,0,0,15,0,0,0,0,0,2,0
348,0,12,0,0,0,0,15,0,0,0,0,0,3,0
349,0,10,0,0,0,0,15,0,0,0,0,0,3,0
350,0,9,0,0,0,0,15,0,0,0,0,0,3,0
351,0,10,0,0,0,0,15,0,0,0,0,0,3,1
352,0,10,0,0,0,0,15,0,0,0,0,0,3,0
353,0,11,0,0,0,0,15,0,0,0,0,0,3,0
354,0,7,0,0,0,0,15,0,0,0,0,0,3,2
355,0,6,0,0,1,0,15,0,0,0,0,0,3,0
356,0,6,0,0,0,0,15,0,0,0,0,0,2,0
357,0,14,0,0,0,0,15,0,0,0,0,0,3,0
358,0,11,0,0,0,0,15,0,0,0,0,0,3,0
359,0,11,0,0,0,0,15,0,0,0,0,0,3,0
360,0,11,0,0,0,0,15,0,0,0,0,0,2,0
361,0,5,0,0,0,0,15,0,0,0,0,0,3,0
362,0,9,0,0,0,0,15,0,0,0,0,0,3,1
363,0,3,0,0,0,0,15,0,0,0,0,0,3,0
364,0,6,0,0,0,0,15,0,0,0,0,0,3,0
365,0,7,0,0,0,0,15,0,0,0,0,0,3,2
366,0,3,0,0,0,0,15,0,0,0,0,0,1,0
367,0,3,0,0,0,0,15,0,0,0,0,0,2,0
368,0,14,0,0,0,0,15,0,0,0,0,0,2,0
369,0,1,0,0,0,0,15,0,0,0,0,0,2,0
370,0,8,0,0,0,0,15,0,0,0,0,0,2,0
371,0,5,0,0,0,0,15,0,0,0,0,0,3,0
372,0,13,0,0,0,0,15,0,1,0,0,0,3,0
373,0,13,0,0,0,0,15,0,0,0,0,0,3,1
374,0,11,0,0,0,0,15,0,0,0,0,0,3,1
375,0,8,0,0,0,0,15,0,0,0,0,0,2,0
376,0,2,0,0,1,0,15,0,0,0,0,0,3,1
377,0,13,0,0,1,0,16,0,0,0,0,0,3,0
378,0,9,0,0,0,0,15,0,0,0,0,0,3,0
379,0,13,0,0,0,0,15,0,0,0,0,0,3,0
380,0,4,0,0,0,5,15,0,0,0,0,0,3,0
381,0,7,0,0,0,0,15,0,0,0,0,0,3,0
382,0,6,0,0,0,0,15,0,0,0,0,0,3,0
383,0,13,0,0,0,0,15,0,0,0,0,0,3,1
384,0,6,0,0,0,0,15,0,0,0,0,0,2,0
385,0,3,0,0,0,0,16,0,0,0,0,0,3,0
386,0,7,0,0,0,0,15,0,0,0,0,0,3,1
387,0,10,0,0,0,0,15,0,0,0,0,0,3,0
388,0,11,0,3,0,0,15,0,0,0,0,0,3,1
389,0,11,0,4,0,0,15,0,0,0,0,0,3,1
390,0,7,0,0,0,0,15,0,0,0,0,8,3,0
391,0,8,0,0,0,0,15,0,0,0,0,0,3,1
392,0,9,0,0,0,0,15,0,0,0,0,0,3,0
393,0,7,0,0,0,0,15,0,0,0,0,0,1,1
394,0,12,0,0,0,0,15,0,0,0,0,0,2,0
395,0,11,0,0,0,0,15,0,0,0,0,0,3,0
396,0,10,0,0,0,0,15,0,0,0,0,0,3,0
397,0,10,0,0,3,0,15,0,0,0,0,0,3,0
398,0,6,0,8,0,0,15,0,0,0,0,0,3,0
399,0,9,0,1,0,0,15,0,0,0,0,0,3,1
400,0,11,0,0,0,0,15,0,0,0,0,0,3,0
401,0,7,0,0,0,0,15,0,0,0,0,0,2,0
402,0,5,0,0,0,0,15,0,0,0,0,0,3,0
403,0,4,0,0,1,0,15,0,0,0,0,0,3,0
404,0,5,0,0,0,0,15,0,0,0,0,0,2,1
405,0,13,0,0,0,0,15,0,0,0,0,0,3,0
406,0,9,0,0,0,0,15,0,0,0,0,0,3,0
407,0,4,0,0,0,0,15,0,0,0,0,0,3,0
408,0,7,0,0,0,0,15,0,0,0,0,0,3,0
409,0,7,0,0,0,0,15,0,0,0,0,0,2,0
410,0,10,0,0,0,0,15,0,0,0,0,0,3,0
411,0,4,0,0,1,0,15,0,0,0,0,0,2,1
412,0,9,0,0,0,0,15,0,0,0,0,0,3,1
413,0,9,0,0,0,0,15,0,0,0,0,0,3,1
414,0,9,0,0,0,0,15,0,0,0,0,0,2,0
415,0,9,0,0,0,0,15,0,0,0,0,0,3,0
416,0,1,0,0,0,0,15,0,0,0,0,0,3,1
417,0,11,0,0,0,0,15,0,0,0,0,0,3,0
418,0,2,0,0,0,0,15,0,0,0,0,0,3,0
419,0,8,0,0,0,0,15,0,0,0,0,0,2,0
420,0,10,0,0,0,0,15,0,0,0,0,0,2,0
421,0,5,0,0,0,0,15,0,0,0,0,0,3,1
422,0,3,0,0,0,0,15,0,0,0,0,0,3,0
423,0,0,0,0,0,0,1,0,0,0,0,0,1,0
424,0,0,0,0,0,0,1,0,0,0,0,0,1,0
425,0,0,0,0,0,0,1,0,0,0,0,0,1,0
426,0,0,0,0,0,0,1,0,0,0,1,0,1,0
427,0,0,0,0,0,0,1,0,0,0,1,0,1,0
428,0,0,0,0,0,0,1,0,0,0,0,0,1,0
429,0,0,0,0,0,0,1,0,0,0,1,0,1,0
430,0,0,0,0,0,0,1,0,0,0,1,0,1,0
431,0,0,0,4,0,0,1,0,0,0,0,0,1,0
432,0,0,0,8,0,0,1,0,0,0,0,0,1,1
433,0,0,0,0,0,0,1,0,0,0,0,0,1,0
434,0,0,0,0,0,0,1,0,0,0,0,0,1,0
435,0,0,0,1,0,0,1,0,0,5,0,0,1,0
436,0,0,0,1,0,0,1,0,0,8,0,0,1,0
437,0,0,0,0,0,0,1,0,0,0,0,0,1,0
438,0,0,0,1,0,0,1,0,0,5,0,0,2,0
439,0,0,0,0,0,0,1,0,0,0,0,1,1,0
440,0,0,0,0,0,0,1,0,0,0,0,0,1,0
441,0,0,0,0,0,0,1,0,0,0,1,1,1,0
442,0,0,0,0,0,0,1,0,0,0,0,0,1,0
443,0,0,0,0,0,0,1,0,0,0,0,0,1,0
444,0,0,0,0,0,0,1,0,0,0,1,0,1,0
445,0,0,0,0,0,0,1,0,0,0,1,0,1,0
446,0,0,0,0,0,0,1,0,0,0,0,0,1,0
447,0,0,0,0,0,0,1,0,0,0,0,0,1,0
448,0,0,0,0,0,0,1,0,0,0,1,0,1,0
449,0,0,0,4,0,0,1,0,0,0,0,0,1,0
450,0,0,0,4,0,0,1,0,0,0,0,9,1,0
451,0,0,0,0,0,0,1,0,0,0,0,0,1,0
452,0,0,0,4,2,0,1,0,0,0,0,0,1,1
453,0,0,0,6,1,0,1,0,0,0,0,0,1,0
454,0,0,1,4,0,0,1,0,0,0,0,0,1,0
455,0,0,0,4,0,0,1,0,0,0,0,0,1,1
456,0,0,0,0,0,0,1,0,0,0,0,0,1,0
457,0,0,0,4,0,0,1,0,0,0,0,0,1,0
458,0,0,0,0,0,0,1,0,0,0,0,0,1,0
459,0,0,0,2,0,0,1,0,0,0,0,0,1,0
460,0,0,0,2,0,0,1,0,0,0,0,0,1,0
461,0,0,0,0,0,0,1,0,0,0,0,1,1,0
462,0,0,0,0,0,0,1,0,0,0,0,0,1,0
463,0,0,0,3,0,0,1,0,0,0,0,0,1,0
464,0,0,0,2,0,0,1,0,0,0,0,0,1,0
465,0,0,0,0,0,0,1,0,0,0,0,0,1,0
466,0,0,0,0,0,0,1,0,0,0,0,0,1,0
467,0,0,0,0,0,0,1,0,0,0,0,0,1,0
468,0,0,0,0,0,0,1,0,0,0,1,0,1,0
469,0,0,0,0,0,0,1,0,0,0,0,0,1,0
470,0,0,0,0,0,0,1,0,0,0,0,0,1,0
471,0,0,0,0,0,0,1,0,0,0,1,0,1,0
472,0,0,0,0,0,0,1,0,0,0,1,0,1,0
473,0,0,0,0,0,0,1,0,0,0,1,0,1,0
474,0,0,0,0,0,0,1,0,0,0,1,0,1,0
475,0,0,0,0,0,0,1,0,0,0,1,0,1,0
476,0,0,0,0,0,0,1,0,0,0,0,0,1,0
477,0,0,1,4,0,0,1,0,0,0,0,0,1,0
478,0,0,0,1,0,0,1,0,0,7,0,0,2,0
479,0,0,0,0,0,0,1,0,0,0,0,1,1,0
480,0,0,0,0,0,0,1,0,0,0,0,0,1,0
481,0,0,0,4,0,0,1,0,0,0,0,0,1,0
482,0,0,0,4,0,0,0,0,0,0,0,0,1,0
483,0,0,0,4,0,0,1,0,0,0,0,0,1,0
484,0,0,0,7,0,0,1,0,0,0,0,0,1,0
485,0,0,1,4,0,0,1,0,0,0,0,0,1,0
486,0,0,0,4,0,0,1,0,0,0,0,0,1,0
487,0,0,0,4,0,0,1,0,0,0,0,0,1,0
488,0,0,0,0,0,0,1,0,0,0,0,0,1,0
489,0,0,1,0,0,0,1,0,0,0,0,0,1,0
490,0,0,1,0,0,0,1,0,0,0,0,0,2,0
491,0,0,0,0,0,0,1,0,0,0,0,0,1,0
492,0,0,0,0,0,0,1,0,0,0,0,0,1,0
493,0,0,0,0,0,0,1,0,0,0,0,0,1,0
494,0,0,0,0,0,0,1,0,0,0,1,0,1,0
495,0,0,0,0,0,0,1,0,0,0,1,0,1,0
496,0,0,0,4,0,0,1,0,0,0,0,0,1,1
497,0,0,0,0,0,0,1,0,0,0,0,0,1,0
498,0,0,0,0,1,0,2,0,0,0,0,0,1,0
499,0,0,0,0,0,0,1,0,0,0,0,0,1,0
500,0,0,0,0,0,0,1,0,0,0,0,0,1,0
501,0,0,0,0,0,0,1,0,0,0,0,0,2,0
502,0,0,0,0,0,0,1,0,0,0,1,0,1,0
503,0,0,0,0,0,0,1,0,0,0,0,0,1,0
504,0,0,0,0,0,0,1,0,0,0,1,0,1,0
505,0,0,0,0,0,0,1,0,0,0,1,0,1,0
506,0,0,0,0,0,0,1,0,0,0,0,1,1,0
507,0,0,0,0,0,0,1,0,0,0,0,0,1,0
508,0,0,0,0,0,0,1,0,0,0,0,0,1,0
509,0,0,0,0,0,0,1,0,0,0,1,0,1,0
510,0,0,0,0,0,0,1,0,0,0,1,0,1,0
511,0,0,0,4,0,0,1,0,0,0,0,0,1,0
512,0,0,0,0,0,0,1,0,0,0,0,0,1,0
513,0,0,0,4,0,0,1,0,0,0,0,0,1,0
514,0,0,0,6,0,0,1,0,0,0,0,0,1,0
515,0,0,0,5,0,0,1,0,0,0,0,0,1,1
516,0,0,0,6,0,0,1,0,0,0,0,0,1,0
517,0,0,1,0,0,0,1,0,0,0,0,0,2,0
518,0,0,0,14,0,0,1,0,0,0,0,0,1,0
519,0,0,0,0,0,0,1,0,0,0,0,0,1,0
520,0,0,0,0,0,0,1,0,0,0,0,0,1,0
521,0,0,0,0,0,0,1,0,0,0,0,0,1,0
522,0,0,1,2,1,0,1,0,0,0,1,0,2,0
523,0,0,0,0,0,0,1,0,0,0,0,0,1,0
524,0,0,0,0,0,0,1,0,0,0,0,0,1,0
525,0,0,0,4,0,0,1,0,0,0,0,0,1,0
526,0,0,0,0,0,0,1,0,0,0,0,0,1,0
527,0,0,0,0,0,0,1,0,0,0,1,0,1,0
528,0,0,0,0,0,0,1,0,0,0,0,0,1,0
529,0,0,0,0,0,0,1,0,0,0,1,0,1,0
530,0,0,0,0,0,0,1,0,0,0,1,0,1,0
531,0,0,0,0,0,0,1,0,0,0,0,0,1,0
532,0,0,0,0,0,0,1,0,0,0,0,0,1,0
533,0,0,0,0,0,0,1,0,0,0,1,0,1,0
534,0,0,0,0,0,0,1,0,0,0,0,0,1,0
535,0,0,0,0,0,0,1,0,0,0,1,0,1,0
536,0,0,0,0,0,0,1,0,0,0,0,0,1,0
537,0,0,0,0,0,0,1,0,0,0,1,0,1,0
538,0,0,0,0,0,0,1,0,0,0,1,0,1,0
539,0,0,0,0,0,0,1,0,0,0,0,0,1,0
540,0,0,0,0,0,0,1,0,0,0,0,0,1,0
541,0,0,0,0,0,0,1,0,0,0,0,0,1,0
542,0,0,0,0,0,0,1,0,0,0,0,0,1,0
543,0,0,0,0,0,0,1,0,0,0,0,0,1,0
544,0,0,0,0,0,0,1,0,0,0,0,0,1,0
545,0,0,0,0,0,0,1,0,0,0,1,1,1,0
546,0,0,0,0,0,0,1,0,0,0,0,0,1,0
547,0,0,0,0,0,0,1,0,0,0,0,0,1,0
548,0,0,0,0,0,0,1,0,0,0,1,0,1,0
549,0,0,0,0,0,0,1,0,0,0,0,0,1,0
550,0,0,0,0,0,0,1,0,0,0,0,0,1,0
551,0,0,0,0,0,0,1,0,0,0,0,0,1,0
552,0,0,0,0,0,0,1,0,0,0,0,0,1,0
553,0,0,0,0,0,0,1,0,0,0,1,1,1,0
554,0,0,0,0,0,0,1,0,0,0,0,0,1,0
555,0,0,0,0,0,0,1,0,0,0,1,0,1,0
556,0,0,0,0,1,0,1,0,0,0,0,2,0,0
557,0,0,0,4,1,0,1,0,0,0,0,0,0,0
558,0,0,0,0,1,0,1,0,0,0,0,0,0,0
559,0,0,0,0,1,0,1,0,0,0,0,0,0,0
560,0,0,0,0,1,0,1,0,0,0,0,0,0,0
561,0,0,0,0,1,0,1,0,0,0,0,0,0,1
562,0,0,1,0,0,0,1,0,0,0,0,0,3,0
563,0,0,0,4,2,0,1,0,0,0,0,0,0,0
564,0,0,0,0,1,0,1,0,0,0,0,0,0,0
565,0,0,0,0,0,0,1,0,0,0,0,0,1,0
566,0,0,0,0,0,0,1,0,0,0,0,0,1,0
567,0,0,0,0,0,0,1,0,0,0,1,0,1,0
568,0,0,0,0,0,0,1,0,0,0,1,0,1,0
569,0,0,0,0,0,0,1,0,0,0,1,0,1,0
570,0,0,0,0,0,0,1,0,0,0,0,0,1,0
571,0,0,0,0,0,0,1,0,0,0,0,0,1,0
572,0,0,0,0,0,0,1,0,0,0,1,0,1,0
573,0,0,0,0,0,0,1,0,0,0,2,0,1,2
574,0,0,0,0,0,0,1,0,0,0,1,0,1,0
575,0,0,0,6,0,0,1,0,0,0,0,0,1,0
576,0,0,0,5,0,0,1,0,0,0,0,0,1,0
577,0,0,0,4,0,0,1,0,0,0,0,0,1,0
578,0,0,0,4,0,0,1,0,0,0,0,0,1,0
579,0,0,0,4,0,0,1,0,0,0,1,0,1,0
580,0,0,0,4,0,0,1,0,0,0,0,0,1,0
581,0,0,0,4,0,0,1,0,0,0,0,0,1,1
582,0,0,0,4,0,0,1,0,0,0,1,0,2,0
583,0,0,0,4,0,0,1,0,0,0,0,0,1,0
584,0,0,0,2,1,0,1,0,0,0,0,0,1,0
585,0,0,0,4,0,0,1,0,0,0,0,0,1,0
586,0,0,0,0,0,0,1,0,0,0,1,0,1,0
587,0,0,0,0,0,0,1,0,0,0,0,0,1,0
588,0,0,0,0,0,0,1,0,0,0,1,0,1,0
589,0,0,0,0,0,0,1,0,0,0,0,0,1,0
590,0,0,0,1,0,0,1,0,0,0,0,0,1,0
591,0,0,0,0,0,0,1,0,0,0,0,0,1,0
592,0,0,0,5,0,0,1,0,0,0,0,0,1,0
593,0,0,0,1,0,0,1,0,0,5,0,0,2,0
594,0,0,0,2,0,3,1,0,0,0,0,0,1,0
595,0,0,0,0,0,0,1,0,0,0,0,0,0,0
596,0,0,1,0,0,0,2,0,0,0,0,0,1,0
597,0,0,0,2,0,0,1,0,0,0,0,0,1,0
598,0,0,0,3,0,0,1,0,0,0,0,0,1,0
599,0,0,0,0,1,0,1,0,0,1,0,0,1,0
600,0,0,0,5,0,0,1,0,0,5,0,0,2,0
601,0,1,0,0,0,0,1,0,0,0,1,0,1,0
602,0,0,0,0,0,0,1,0,0,0,1,0,1,0
603,0,0,0,0,0,0,1,0,0,0,0,0,1,0
604,0,0,0,0,0,0,1,0,0,0,0,1,1,0
605,0,0,0,0,0,0,1,0,0,0,0,0,1,0
606,0,0,0,0,0,0,1,0,0,0,0,0,1,0
607,0,0,0,0,0,0,1,0,0,0,0,0,1,0
608,0,0,0,0,0,0,1,0,0,0,0,0,1,0
609,0,0,0,0,0,0,1,0,0,0,0,0,1,0
610,0,0,0,0,0,0,1,0,0,0,0,0,1,0
611,0,0,0,0,0,0,1,0,0,0,1,0,1,0
612,0,0,0,0,0,0,1,0,0,0,1,0,1,0
613,0,0,0,0,0,0,1,0,0,0,0,0,1,0
614,0,0,0,0,0,0,1,0,0,0,1,0,1,0
615,0,0,0,0,0,0,1,0,0,0,0,0,1,0
616,0,0,0,0,0,0,1,0,0,0,0,0,1,0
617,0,0,0,0,0,0,1,0,0,0,0,0,1,0
618,0,0,0,0,0,0,1,0,0,0,1,0,1,0
619,0,0,0,0,0,0,1,0,0,0,1,0,1,0
620,0,0,0,0,0,0,1,0,0,1,0,0,2,0
621,0,0,0,0,0,0,0,0,0,0,0,0,0,0
622,0,0,0,0,0,0,1,0,0,0,0,0,1,0
623,0,0,0,0,0,0,1,0,0,0,1,1,1,0
624,0,0,0,0,0,0,1,0,0,0,1,0,1,0
625,0,0,0,1,0,0,1,0,0,5,0,0,1,0
626,0,0,0,5,0,0,1,0,0,6,0,0,1,0
627,0,0,0,1,0,0,1,0,0,5,0,0,3,0
628,0,0,0,1,0,0,1,0,0,6,0,0,3,0
629,0,0,1,1,0,0,1,0,0,0,0,0,2,0
630,0,0,0,0,0,0,1,0,0,0,0,0,1,0
631,0,0,1,0,0,0,1,0,0,0,0,0,1,1
632,0,0,0,3,0,0,1,0,0,0,0,0,0,0
633,0,0,0,0,0,0,1,0,0,0,2,0,1,0
634,0,0,0,0,0,0,1,0,0,0,0,0,1,0
635,0,0,0,0,0,0,1,0,0,0,1,0,1,0
636,0,0,0,0,0,0,1,0,0,0,1,1,1,0
637,0,0,0,0,0,0,1,0,0,0,0,0,1,0
638,0,0,0,0,0,0,1,0,0,0,0,0,1,0
639,0,0,0,0,0,0,1,0,0,0,1,0,1,0
640,0,0,0,0,0,0,1,0,0,0,1,0,1,0
641,0,0,0,0,0,0,1,0,0,0,0,0,1,0
642,0,0,0,0,0,0,1,0,0,0,1,0,1,0
643,0,0,0,0,0,0,1,0,0,0,1,0,1,0
644,0,0,0,0,0,0,1,0,0,0,0,0,1,0
645,0,0,0,0,0,0,0,0,0,0,0,0,1,0
646,0,0,0,0,0,0,1,0,0,0,0,0,1,0
647,0,0,1,6,0,0,1,0,0,0,0,0,1,0
648,0,0,0,5,0,0,1,0,0,0,0,0,1,0
649,0,0,0,6,0,0,1,0,0,0,0,0,1,0
650,0,0,0,4,0,0,1,0,0,0,0,0,1,0
651,0,0,0,9,0,0,1,0,0,0,0,0,1,0
652,0,0,0,0,0,0,1,0,0,0,0,0,1,0
653,0,0,0,4,0,0,1,0,0,0,0,0,1,0
654,0,0,0,4,0,0,1,0,0,0,1,0,1,0
655,0,0,0,0,0,0,1,0,0,0,0,0,1,0
656,0,0,0,0,0,0,1,0,0,0,1,0,1,0
657,0,0,0,0,0,0,1,0,0,0,0,0,1,0
658,0,0,0,0,0,0,1,0,0,0,0,0,1,0
659,0,0,0,0,0,0,1,0,0,0,0,0,1,0
660,0,0,0,8,0,0,0,0,0,0,0,0,1,0
661,0,0,0,4,0,0,1,0,0,0,0,0,1,0
662,0,0,0,0,0,0,1,0,0,0,0,0,1,0
663,0,0,0,0,0,0,1,0,0,0,0,0,1,0
664,0,0,0,0,0,0,1,0,0,0,0,0,1,0
665,0,0,0,0,0,0,1,0,0,0,1,0,1,0
666,0,0,0,0,0,0,1,0,0,0,0,0,1,0
667,0,0,0,0,0,0,1,0,0,0,0,0,1,0
668,0,0,0,0,0,0,1,0,0,0,1,0,1,0
669,0,0,0,0,0,0,1,0,0,0,0,0,1,0
670,0,0,0,0,0,0,1,0,0,0,1,1,1,0
671,0,0,0,0,0,0,1,0,0,0,1,0,1,0
672,0,0,0,0,0,0,1,0,0,0,0,0,1,0
673,0,0,0,0,0,0,1,0,0,0,0,1,1,0
674,0,0,0,0,0,0,1,0,0,0,1,0,1,0
675,0,0,0,4,0,0,1,0,0,0,0,0,1,0
676,0,0,0,0,0,0,1,0,0,0,0,0,1,0
677,0,0,0,0,0,0,1,0,0,0,0,1,1,0
678,0,0,0,0,0,0,1,0,0,0,1,0,1,0
679,0,0,0,0,0,0,1,0,0,0,1,0,1,0
680,0,0,1,4,0,0,1,0,0,0,0,0,1,0
681,0,0,0,0,0,0,1,0,0,0,0,0,1,0
682,0,0,0,0,0,0,1,0,0,0,0,0,1,1
683,0,0,0,4,0,0,1,0,0,0,0,0,1,0
684,0,0,0,4,0,0,1,0,0,0,0,0,1,0
685,0,0,1,4,0,0,1,0,0,0,0,0,1,0
686,0,0,0,4,0,0,1,0,0,0,0,0,1,0
687,0,0,0,4,0,0,1,0,0,0,0,0,1,0
688,0,0,0,0,0,0,1,0,0,0,0,0,1,0
689,0,0,0,4,0,0,1,0,0,0,0,0,1,0
690,0,0,0,0,0,0,1,0,0,0,0,0,1,0
691,0,0,0,0,0,0,1,0,0,0,0,0,1,0
692,0,0,0,0,0,0,1,0,0,0,0,0,1,0
693,0,0,0,7,0,0,1,0,0,0,0,0,1,0
694,0,0,0,0,0,0,1,0,0,0,1,0,1,0
695,0,0,0,0,0,0,1,0,0,0,0,0,1,0
696,0,0,0,0,0,0,1,0,0,0,0,0,1,0
697,0,0,0,0,0,0,1,0,0,0,1,0,1,0
698,0,0,0,0,0,0,1,0,0,0,0,0,1,0
699,0,0,0,4,0,0,1,0,0,1,0,0,1,0
